source_query_id,setting,bm25_ndcg_at_10,qwen_ndcg_at_10,observed_winner,margin_bm25_raw,margin_qwen_raw,margin_bm25_percentile,margin_qwen_percentile,margin_gap,margin_predicted_winner,margin_correct,dispersion_bm25_raw,dispersion_qwen_raw,dispersion_bm25_percentile,dispersion_qwen_percentile,dispersion_gap,dispersion_predicted_winner,dispersion_correct
mteb/ClimateFEVER_test_top_250_only_w_correct-v2::1003,code_switched,0.0,0.24630238874073,Qwen,0.3311080294686519,0.14737487020228368,0.5766666666666667,0.30333333333333334,-0.2733333333333333,BM25,False,0.31646825641476267,0.3335780446953798,0.5666666666666667,0.7283333333333334,0.16166666666666674,Qwen,True
mteb/ClimateFEVER_test_top_250_only_w_correct-v2::1011,code_switched,0.0,0.0,Qwen,0.032244547471783576,0.30644691049991085,0.065,0.5983333333333334,0.5333333333333334,Qwen,True,0.34387093303628574,0.31473126439224824,0.8383333333333334,0.49166666666666664,-0.34666666666666673,BM25,False
mteb/ClimateFEVER_test_top_250_only_w_correct-v2::1017,code_switched,0.0,0.0,Qwen,0.23172802004084295,0.09324845499502123,0.4083333333333333,0.19833333333333333,-0.21,BM25,False,0.32364245717438234,0.37637604788885115,0.6333333333333333,0.97,0.33666666666666667,Qwen,True
mteb/ClimateFEVER_test_top_250_only_w_correct-v2::1019,code_switched,0.3065735963827292,0.0,BM25,0.40980513083070186,0.1261611251214509,0.6933333333333334,0.265,-0.42833333333333334,BM25,True,0.275448533118426,0.36212405016736054,0.08666666666666667,0.9233333333333333,0.8366666666666667,Qwen,False
mteb/ClimateFEVER_test_top_250_only_w_correct-v2::1024,code_switched,0.0,0.5294362295028773,Qwen,0.4100224389696444,0.03632379633735588,0.695,0.06833333333333333,-0.6266666666666666,BM25,False,0.30904054875953696,0.3262799437455429,0.4816666666666667,0.6483333333333333,0.16666666666666663,Qwen,True
mteb/ClimateFEVER_test_top_250_only_w_correct-v2::1048,code_switched,0.0,0.0,Qwen,0.06169755720824756,0.10787216023487686,0.11,0.23166666666666666,0.12166666666666666,Qwen,True,0.3418497903470607,0.3493684203571606,0.8283333333333334,0.855,0.026666666666666616,Qwen,True
mteb/ClimateFEVER_test_top_250_only_w_correct-v2::1049,code_switched,0.0,0.0,Qwen,0.36806008718224137,0.0500378805653792,0.6433333333333333,0.115,-0.5283333333333333,BM25,False,0.30538853084364287,0.34069488081751126,0.43666666666666665,0.7916666666666666,0.355,Qwen,True
mteb/ClimateFEVER_test_top_250_only_w_correct-v2::1052,code_switched,0.0,0.0,Qwen,0.6550613178690207,0.16970082268950562,0.9616666666666667,0.3416666666666667,-0.62,BM25,False,0.279546830188502,0.2931663493960683,0.12166666666666667,0.2683333333333333,0.14666666666666664,Qwen,True
mteb/ClimateFEVER_test_top_250_only_w_correct-v2::1065,code_switched,0.0,0.0,Qwen,0.24583175870927992,0.5931489839359697,0.43166666666666664,0.9416666666666667,0.51,Qwen,True,0.2973660183854944,0.2873832753748749,0.37666666666666665,0.19833333333333333,-0.17833333333333332,BM25,False
mteb/ClimateFEVER_test_top_250_only_w_correct-v2::1067,code_switched,0.0,0.0,Qwen,0.22915606516624254,0.2523804721555501,0.405,0.51,0.10499999999999998,Qwen,True,0.33046425877605906,0.30481980333880987,0.715,0.37166666666666665,-0.3433333333333333,BM25,False
mteb/ClimateFEVER_test_top_250_only_w_correct-v2::108,code_switched,0.0,1.0,Qwen,0.1517793469900863,0.5454918248031709,0.2816666666666667,0.9083333333333333,0.6266666666666667,Qwen,True,0.3500875199568442,0.26889097807017626,0.8733333333333333,0.023333333333333334,-0.85,BM25,False
mteb/ClimateFEVER_test_top_250_only_w_correct-v2::1084,code_switched,0.0,0.0,Qwen,0.09979027845918612,0.35591622799754513,0.17,0.68,0.51,Qwen,True,0.34106832563443384,0.28420323982729195,0.82,0.15666666666666668,-0.6633333333333333,BM25,False
mteb/ClimateFEVER_test_top_250_only_w_correct-v2::1090,code_switched,0.5205067333228022,0.13905617951077562,BM25,0.5977870446114194,0.41990983670687315,0.9333333333333333,0.77,-0.16333333333333333,BM25,True,0.27103675852277903,0.2710816912973363,0.041666666666666664,0.045,0.003333333333333334,Qwen,False
mteb/ClimateFEVER_test_top_250_only_w_correct-v2::1092,code_switched,0.0,0.0,Qwen,0.14836748476813763,0.13938248345317789,0.27,0.29,0.019999999999999962,Qwen,True,0.30140987134656083,0.30326438939982114,0.41833333333333333,0.35333333333333333,-0.065,BM25,False
mteb/ClimateFEVER_test_top_250_only_w_correct-v2::11,code_switched,0.0,0.15642624200758548,Qwen,0.14286794064571082,0.01541591693358734,0.25666666666666665,0.03333333333333333,-0.22333333333333333,BM25,False,0.33324018235732067,0.31919599582297503,0.7483333333333333,0.5466666666666666,-0.20166666666666666,BM25,False
mteb/ClimateFEVER_test_top_250_only_w_correct-v2::1109,code_switched,0.24630238874073,0.6366824387328317,Qwen,0.18141937830013363,0.605783611460669,0.3283333333333333,0.9466666666666667,0.6183333333333334,Qwen,True,0.3621394343645356,0.2692483158884758,0.9233333333333333,0.028333333333333332,-0.895,BM25,False
mteb/ClimateFEVER_test_top_250_only_w_correct-v2::1127,code_switched,0.0,0.0,Qwen,0.13116842093124645,0.11035050682322024,0.23333333333333334,0.24,0.006666666666666654,Qwen,True,0.3062856056660468,0.37417505874539536,0.44666666666666666,0.965,0.5183333333333333,Qwen,True
mteb/ClimateFEVER_test_top_250_only_w_correct-v2::113,code_switched,0.0,0.0,Qwen,0.29336453843671745,0.004191274528254557,0.5066666666666667,0.011666666666666667,-0.49500000000000005,BM25,False,0.2946419275747247,0.36508160380194593,0.3416666666666667,0.945,0.6033333333333333,Qwen,True
mteb/ClimateFEVER_test_top_250_only_w_correct-v2::1135,code_switched,0.0,1.0,Qwen,0.7486654964518047,0.08968569281459086,0.9883333333333333,0.19166666666666668,-0.7966666666666666,BM25,False,0.29221376820534123,0.3524812143499128,0.3,0.8783333333333333,0.5783333333333334,Qwen,True
mteb/ClimateFEVER_test_top_250_only_w_correct-v2::1139,code_switched,1.0,1.0,Qwen,0.25331399016893247,0.3899070520336108,0.4483333333333333,0.7266666666666667,0.2783333333333334,Qwen,True,0.34052967146446494,0.3024714838854562,0.8166666666666667,0.3433333333333333,-0.47333333333333333,BM25,False
mteb/ClimateFEVER_test_top_250_only_w_correct-v2::1141,code_switched,0.0,0.0,Qwen,0.49857151243555287,0.0806974927891848,0.82,0.17,-0.6499999999999999,BM25,False,0.29533349471773457,0.31434411910190463,0.3516666666666667,0.48,0.1283333333333333,Qwen,True
mteb/ClimateFEVER_test_top_250_only_w_correct-v2::1142,code_switched,0.0,0.312706129752478,Qwen,0.3535973717735673,0.4596016519427569,0.6166666666666667,0.8333333333333334,0.21666666666666667,Qwen,True,0.2897647791711014,0.27351600244666424,0.2783333333333333,0.058333333333333334,-0.21999999999999997,BM25,False
mteb/ClimateFEVER_test_top_250_only_w_correct-v2::1143,code_switched,0.13565197343244778,0.0,BM25,0.3138564888901314,0.6516771126724716,0.545,0.975,0.42999999999999994,Qwen,False,0.2604491593624898,0.2870064521524342,0.013333333333333334,0.19166666666666668,0.17833333333333334,Qwen,False
mteb/ClimateFEVER_test_top_250_only_w_correct-v2::1144,code_switched,0.0,0.0,Qwen,0.5869521895311719,0.14891381014992988,0.9166666666666666,0.305,-0.6116666666666666,BM25,False,0.28079242454460435,0.3512856829175261,0.14,0.8716666666666667,0.7316666666666667,Qwen,True
mteb/ClimateFEVER_test_top_250_only_w_correct-v2::1146,code_switched,0.0,0.3391602052736161,Qwen,0.3920152011409994,0.38731590917680964,0.6716666666666666,0.7183333333333334,0.046666666666666745,Qwen,True,0.3134912054103232,0.3089994107725745,0.5316666666666666,0.415,-0.11666666666666664,BM25,False
mteb/ClimateFEVER_test_top_250_only_w_correct-v2::1149,code_switched,0.0,0.0,Qwen,0.2792840498299735,0.6167061006660028,0.49,0.9566666666666667,0.4666666666666667,Qwen,True,0.3136493314131628,0.2816529983548585,0.535,0.10833333333333334,-0.4266666666666667,BM25,False
mteb/ClimateFEVER_test_top_250_only_w_correct-v2::1151,code_switched,0.0,0.40179981797758046,Qwen,0.13145720278957496,0.47579487990395236,0.23666666666666666,0.8466666666666667,0.61,Qwen,True,0.32894088251260806,0.2688462395167688,0.6983333333333334,0.021666666666666667,-0.6766666666666667,BM25,False
mteb/ClimateFEVER_test_top_250_only_w_correct-v2::1154,code_switched,0.0,0.24630238874073,Qwen,0.3877291674977035,0.2823911009247019,0.6633333333333333,0.555,-0.10833333333333328,BM25,False,0.28011264468447417,0.31120387593757487,0.13166666666666665,0.445,0.31333333333333335,Qwen,True
mteb/ClimateFEVER_test_top_250_only_w_correct-v2::1155,code_switched,0.0,0.19519002499605084,Qwen,0.2926502365930297,0.4418461386707578,0.505,0.8066666666666666,0.30166666666666664,Qwen,True,0.31779510218525897,0.2939043638177771,0.58,0.275,-0.30499999999999994,BM25,False
mteb/ClimateFEVER_test_top_250_only_w_correct-v2::1157,code_switched,0.0,0.0,Qwen,0.36494010886751205,0.05635495999904826,0.6366666666666667,0.12666666666666668,-0.51,BM25,False,0.3112667799775535,0.3568249644175683,0.51,0.8983333333333333,0.3883333333333333,Qwen,True
mteb/ClimateFEVER_test_top_250_only_w_correct-v2::1164,code_switched,0.0,0.16958010263680806,Qwen,0.3500635757264806,0.0806789933353042,0.61,0.16833333333333333,-0.44166666666666665,BM25,False,0.3159962075959586,0.3431823212560586,0.555,0.8116666666666666,0.2566666666666666,Qwen,True
mteb/ClimateFEVER_test_top_250_only_w_correct-v2::1188,code_switched,0.17723928678404774,0.0,BM25,0.49426377300789653,0.48328606562335724,0.815,0.8533333333333334,0.03833333333333344,Qwen,False,0.2944957553231533,0.3003221941448132,0.33166666666666667,0.33,-0.0016666666666666496,BM25,True
mteb/ClimateFEVER_test_top_250_only_w_correct-v2::120,code_switched,0.0,0.2960819109658652,Qwen,0.5142370290794445,0.4120332247261888,0.84,0.7566666666666667,-0.08333333333333326,BM25,False,0.28962687789448516,0.28785044673185106,0.27166666666666667,0.205,-0.06666666666666668,BM25,False
mteb/ClimateFEVER_test_top_250_only_w_correct-v2::1202,code_switched,0.2960819109658652,0.0,BM25,0.6062973257736288,0.4871464870173111,0.94,0.8566666666666667,-0.08333333333333326,BM25,True,0.2884178379932072,0.27319230082253715,0.25333333333333335,0.056666666666666664,-0.19666666666666668,BM25,True
mteb/ClimateFEVER_test_top_250_only_w_correct-v2::1205,code_switched,0.20210734650054757,0.0,BM25,0.439935119929936,0.3550051718685359,0.7333333333333333,0.675,-0.05833333333333324,BM25,True,0.30475559638427235,0.32115735846855553,0.43333333333333335,0.5733333333333334,0.14,Qwen,False
mteb/ClimateFEVER_test_top_250_only_w_correct-v2::1212,code_switched,0.15642624200758548,0.23463936301137822,Qwen,0.35993103949379646,0.17600866608015178,0.6233333333333333,0.35,-0.2733333333333333,BM25,False,0.2811372782887636,0.31401077391805277,0.14666666666666667,0.4716666666666667,0.325,Qwen,True
mteb/ClimateFEVER_test_top_250_only_w_correct-v2::1219,code_switched,0.13905617951077562,0.0,BM25,0.39891791049689884,0.04009045177121145,0.6833333333333333,0.075,-0.6083333333333334,BM25,True,0.29544657796412993,0.3475244547049083,0.355,0.835,0.48,Qwen,False
mteb/ClimateFEVER_test_top_250_only_w_correct-v2::1222,code_switched,0.4776237035032179,0.370291336443826,BM25,0.3494080909564471,0.21087099414954427,0.6083333333333333,0.43,-0.1783333333333333,BM25,True,0.3008068494980827,0.3332770068543882,0.4083333333333333,0.7233333333333334,0.31500000000000006,Qwen,False
mteb/ClimateFEVER_test_top_250_only_w_correct-v2::1230,code_switched,0.0,0.0,Qwen,0.13955820635658578,0.32575004640222044,0.25,0.635,0.385,Qwen,True,0.28286713151640636,0.3007025977054251,0.17166666666666666,0.33166666666666667,0.16,Qwen,True
mteb/ClimateFEVER_test_top_250_only_w_correct-v2::1235,code_switched,0.0,0.23463936301137822,Qwen,0.6405648806781633,0.05749756708625001,0.955,0.13,-0.825,BM25,False,0.27988992594886186,0.3356379106522543,0.125,0.7583333333333333,0.6333333333333333,Qwen,True
mteb/ClimateFEVER_test_top_250_only_w_correct-v2::1237,code_switched,0.0,0.16812753627111746,Qwen,0.4966960168041229,0.4363710327794268,0.8166666666666667,0.7916666666666666,-0.025000000000000022,BM25,False,0.27754917000847407,0.27400077536469897,0.1,0.06333333333333334,-0.03666666666666667,BM25,False
mteb/ClimateFEVER_test_top_250_only_w_correct-v2::1239,code_switched,0.0,0.0,Qwen,0.05246361031537411,0.1116811557363029,0.10333333333333333,0.24333333333333335,0.14,Qwen,True,0.3358261970429281,0.3209653851428254,0.7733333333333333,0.5683333333333334,-0.20499999999999996,BM25,False
mteb/ClimateFEVER_test_top_250_only_w_correct-v2::1240,code_switched,0.0,0.0,Qwen,0.09312556118533685,0.20192870145511305,0.15166666666666667,0.41,0.2583333333333333,Qwen,True,0.3582407043593838,0.32779013553439135,0.905,0.6666666666666666,-0.2383333333333334,BM25,False
mteb/ClimateFEVER_test_top_250_only_w_correct-v2::1245,code_switched,0.0,0.0,Qwen,0.4599031920191632,0.25807866875152163,0.765,0.5183333333333333,-0.2466666666666667,BM25,False,0.2815813125258392,0.32717754235684965,0.15333333333333332,0.6583333333333333,0.505,Qwen,True
mteb/ClimateFEVER_test_top_250_only_w_correct-v2::1246,code_switched,0.0,0.5307212739772434,Qwen,0.34251805621314146,0.12379163285876024,0.5966666666666667,0.26,-0.33666666666666667,BM25,False,0.27184933667637107,0.33919812357795043,0.051666666666666666,0.78,0.7283333333333334,Qwen,True
mteb/ClimateFEVER_test_top_250_only_w_correct-v2::1259,code_switched,0.0,0.0,Qwen,0.04338568455674737,0.28743748899694777,0.08166666666666667,0.5616666666666666,0.48,Qwen,True,0.37888197371949484,0.3111813754893327,0.965,0.44166666666666665,-0.5233333333333333,BM25,False
mteb/ClimateFEVER_test_top_250_only_w_correct-v2::126,code_switched,0.0,0.0,Qwen,0.18264963240204174,0.2886822618089155,0.33666666666666667,0.5716666666666667,0.235,Qwen,True,0.3338865020352584,0.2980818803415789,0.7583333333333333,0.315,-0.4433333333333333,BM25,False
mteb/ClimateFEVER_test_top_250_only_w_correct-v2::1260,code_switched,0.19519002499605084,0.3071837157818931,Qwen,0.11302697905238002,0.2124728284664737,0.19833333333333333,0.44,0.24166666666666667,Qwen,True,0.3302075811703143,0.3036841562987575,0.7116666666666667,0.36,-0.3516666666666667,BM25,False
mteb/ClimateFEVER_test_top_250_only_w_correct-v2::1265,code_switched,0.0,0.0,Qwen,0.26711250110264906,0.18535443701714882,0.475,0.37333333333333335,-0.10166666666666663,BM25,False,0.3117029017789877,0.3220982848202184,0.5133333333333333,0.5883333333333334,0.07500000000000007,Qwen,True
mteb/ClimateFEVER_test_top_250_only_w_correct-v2::1266,code_switched,0.0,0.0,Qwen,0.07262403441514281,0.1342738953543799,0.125,0.2816666666666667,0.15666666666666668,Qwen,True,0.3603597608469999,0.30662436402155624,0.9116666666666666,0.3883333333333333,-0.5233333333333333,BM25,False
mteb/ClimateFEVER_test_top_250_only_w_correct-v2::1268,code_switched,0.6131471927654584,0.6131471927654584,Qwen,0.3224310339796345,0.3219440417492885,0.5566666666666666,0.6266666666666667,0.07000000000000006,Qwen,True,0.32557270284806794,0.3180869622341352,0.6566666666666666,0.5416666666666666,-0.11499999999999999,BM25,False
mteb/ClimateFEVER_test_top_250_only_w_correct-v2::1273,code_switched,0.0,0.7653606369886217,Qwen,0.4222575784774929,0.3012591039734281,0.71,0.5866666666666667,-0.1233333333333333,BM25,False,0.2834461641259797,0.3350673705835678,0.18333333333333332,0.7466666666666667,0.5633333333333334,Qwen,True
mteb/ClimateFEVER_test_top_250_only_w_correct-v2::129,code_switched,0.0,1.0,Qwen,0.16635068746618062,0.12030064868421388,0.305,0.25333333333333335,-0.05166666666666664,BM25,False,0.3477009617665804,0.3557170214461057,0.8516666666666667,0.8916666666666667,0.040000000000000036,Qwen,True
mteb/ClimateFEVER_test_top_250_only_w_correct-v2::1292,code_switched,0.0,0.0,Qwen,0.11046801631713757,0.10584718584300472,0.19,0.225,0.035,Qwen,True,0.33196131421272895,0.3219765954173725,0.73,0.5866666666666667,-0.1433333333333333,BM25,False
mteb/ClimateFEVER_test_top_250_only_w_correct-v2::1296,code_switched,0.20210734650054757,0.0,BM25,0.4274539145916763,0.26551529991039347,0.715,0.525,-0.18999999999999995,BM25,True,0.293956376239929,0.3089304684291004,0.3233333333333333,0.41333333333333333,0.09000000000000002,Qwen,False
mteb/ClimateFEVER_test_top_250_only_w_correct-v2::1300,code_switched,0.0,0.0,Qwen,0.45472202860375505,0.38730569775126134,0.755,0.7166666666666667,-0.03833333333333333,BM25,False,0.2936589963755829,0.29208256759086787,0.32,0.25666666666666665,-0.06333333333333335,BM25,False
mteb/ClimateFEVER_test_top_250_only_w_correct-v2::1303,code_switched,0.0,0.0,Qwen,0.26638595976196533,0.6118815421510008,0.47,0.9533333333333334,0.4833333333333334,Qwen,True,0.3081584297714443,0.26945198776387397,0.47,0.03166666666666667,-0.4383333333333333,BM25,False
mteb/ClimateFEVER_test_top_250_only_w_correct-v2::1305,code_switched,0.0,0.46845052016107697,Qwen,0.07991574580412054,0.22225524628821555,0.13833333333333334,0.46,0.32166666666666666,Qwen,True,0.3222735107811911,0.3264890797016338,0.6266666666666667,0.6533333333333333,0.026666666666666616,Qwen,True
mteb/ClimateFEVER_test_top_250_only_w_correct-v2::1307,code_switched,0.46927872602275644,0.4441228664487979,BM25,0.6646160955046176,0.28935885006799705,0.965,0.575,-0.39,BM25,True,0.2821586791545332,0.2896448760575944,0.16166666666666665,0.22333333333333333,0.061666666666666675,Qwen,False
mteb/ClimateFEVER_test_top_250_only_w_correct-v2::1308,code_switched,0.5,1.0,Qwen,0.23526593574952134,0.30354271169020963,0.4166666666666667,0.5916666666666667,0.175,Qwen,True,0.2725504435561681,0.3246814325787982,0.058333333333333334,0.6316666666666667,0.5733333333333334,Qwen,True
mteb/ClimateFEVER_test_top_250_only_w_correct-v2::1312,code_switched,0.0,0.0,Qwen,0.6418025175058303,0.2021235659231841,0.9566666666666667,0.4116666666666667,-0.5449999999999999,BM25,False,0.2701171155331981,0.31048931079645475,0.03666666666666667,0.43333333333333335,0.39666666666666667,Qwen,True
mteb/ClimateFEVER_test_top_250_only_w_correct-v2::1317,code_switched,0.0,0.13120507751234178,Qwen,0.09716915919636437,0.37674551530541883,0.15833333333333333,0.7033333333333334,0.545,Qwen,True,0.36140268789406976,0.3103349179643691,0.92,0.43166666666666664,-0.4883333333333334,BM25,False
mteb/ClimateFEVER_test_top_250_only_w_correct-v2::132,code_switched,0.19519002499605084,0.13012668333070054,BM25,0.2815811042354282,0.07772333427269917,0.495,0.15833333333333333,-0.33666666666666667,BM25,True,0.3351767871604375,0.37879031259472956,0.7633333333333333,0.9783333333333334,0.21500000000000008,Qwen,False
mteb/ClimateFEVER_test_top_250_only_w_correct-v2::1324,code_switched,0.0,0.0,Qwen,0.3928582815981619,0.6028412323152175,0.6733333333333333,0.945,0.2716666666666666,Qwen,True,0.3076192604069555,0.27371999441905975,0.465,0.06166666666666667,-0.4033333333333334,BM25,False
mteb/ClimateFEVER_test_top_250_only_w_correct-v2::1326,code_switched,0.5087403079104241,0.21398626473452756,BM25,0.5338448772823619,0.12781836428424864,0.8683333333333333,0.27,-0.5983333333333333,BM25,True,0.28501092039417153,0.3330424910928927,0.19666666666666666,0.72,0.5233333333333333,Qwen,False
mteb/ClimateFEVER_test_top_250_only_w_correct-v2::1333,code_switched,0.15101961822780524,0.15101961822780524,Qwen,0.22308141189454014,0.27241190482292404,0.39666666666666667,0.535,0.13833333333333336,Qwen,True,0.3305662567294862,0.3254891294046054,0.7166666666666667,0.64,-0.07666666666666666,BM25,False
mteb/ClimateFEVER_test_top_250_only_w_correct-v2::1354,code_switched,1.0,1.0,Qwen,0.39705691384020575,0.14926613433213107,0.6783333333333333,0.30666666666666664,-0.3716666666666667,BM25,False,0.3335693791268587,0.3819342362758943,0.7533333333333333,0.9883333333333333,0.235,Qwen,True
mteb/ClimateFEVER_test_top_250_only_w_correct-v2::1360,code_switched,0.0,0.0,Qwen,0.32243894464899997,0.10552435638287103,0.5583333333333333,0.22333333333333333,-0.335,BM25,False,0.2948763627447874,0.337947267422607,0.3433333333333333,0.7733333333333333,0.43,Qwen,True
mteb/ClimateFEVER_test_top_250_only_w_correct-v2::1367,code_switched,0.0,0.0,Qwen,0.500466093268325,0.07293344808956258,0.8216666666666667,0.15333333333333332,-0.6683333333333333,BM25,False,0.2969851755485973,0.34406089237906784,0.37166666666666665,0.82,0.4483333333333333,Qwen,True
mteb/ClimateFEVER_test_top_250_only_w_correct-v2::1369,code_switched,0.21840743681816419,0.3065735963827292,Qwen,0.1509602467597457,0.21546944205774898,0.27666666666666667,0.44166666666666665,0.16499999999999998,Qwen,True,0.3403256861763578,0.33766652045812734,0.8116666666666666,0.7716666666666666,-0.040000000000000036,BM25,False
mteb/ClimateFEVER_test_top_250_only_w_correct-v2::1374,code_switched,0.0,0.20438239758848611,Qwen,0.2661220218799563,0.09671424472066643,0.465,0.21,-0.255,BM25,False,0.33775550854811576,0.3325759272420559,0.7916666666666666,0.71,-0.08166666666666667,BM25,False
mteb/ClimateFEVER_test_top_250_only_w_correct-v2::138,code_switched,0.0,0.0,Qwen,0.1880315048119669,0.8592359206455593,0.3566666666666667,0.9966666666666667,0.64,Qwen,True,0.3152926357266737,0.281032074265394,0.55,0.10166666666666667,-0.44833333333333336,BM25,False
mteb/ClimateFEVER_test_top_250_only_w_correct-v2::1383,code_switched,0.24630238874073,0.0,BM25,0.44248134734278555,0.38947331625224496,0.735,0.725,-0.010000000000000009,BM25,True,0.31572955290578797,0.2799589823928529,0.5533333333333333,0.09,-0.4633333333333334,BM25,True
mteb/ClimateFEVER_test_top_250_only_w_correct-v2::139,code_switched,0.0,0.0,Qwen,0.04967268918563175,0.05300677288891462,0.095,0.12166666666666667,0.026666666666666672,Qwen,True,0.3689748476746524,0.348631095823038,0.945,0.8466666666666667,-0.09833333333333327,BM25,False
mteb/ClimateFEVER_test_top_250_only_w_correct-v2::1390,code_switched,0.0,0.20210734650054757,Qwen,0.10153018838032646,0.04961472440759451,0.17333333333333334,0.11333333333333333,-0.06000000000000001,BM25,False,0.3486429792200484,0.34851340146944404,0.8633333333333333,0.845,-0.018333333333333313,BM25,False
mteb/ClimateFEVER_test_top_250_only_w_correct-v2::1399,code_switched,0.0,0.0,Qwen,0.34573944799469647,0.39829224586988304,0.6016666666666667,0.7366666666666667,0.135,Qwen,True,0.2955381171806943,0.31126149251375906,0.3566666666666667,0.44666666666666666,0.08999999999999997,Qwen,True
mteb/ClimateFEVER_test_top_250_only_w_correct-v2::1404,code_switched,0.0,0.0,Qwen,0.42730037497122114,0.1269702990646198,0.7133333333333334,0.26666666666666666,-0.4466666666666667,BM25,False,0.3023130648236332,0.3351883729954792,0.4216666666666667,0.7483333333333333,0.3266666666666666,Qwen,True
mteb/ClimateFEVER_test_top_250_only_w_correct-v2::141,code_switched,0.0,0.0,Qwen,0.3080212728450405,0.04414050904130492,0.535,0.08833333333333333,-0.4466666666666667,BM25,False,0.3360296430214952,0.33415447137412163,0.775,0.735,-0.040000000000000036,BM25,False
mteb/ClimateFEVER_test_top_250_only_w_correct-v2::1410,code_switched,0.0,0.25657228426720274,Qwen,0.11644305307094184,0.04812930878520807,0.20333333333333334,0.10333333333333333,-0.1,BM25,False,0.3215551232595806,0.3566405910932794,0.6233333333333333,0.895,0.2716666666666667,Qwen,True
mteb/ClimateFEVER_test_top_250_only_w_correct-v2::1411,code_switched,0.0,0.0,Qwen,0.4132275976238362,0.04401936655248481,0.7033333333333334,0.08666666666666667,-0.6166666666666667,BM25,False,0.2820167923885831,0.3304026769664579,0.15666666666666668,0.69,0.5333333333333332,Qwen,True
mteb/ClimateFEVER_test_top_250_only_w_correct-v2::1416,code_switched,0.0,0.43067655807339306,Qwen,0.06260729905458715,0.16612318221861558,0.11166666666666666,0.335,0.22333333333333336,Qwen,True,0.3922720829612314,0.3292822032068474,0.9833333333333333,0.68,-0.30333333333333323,BM25,False
mteb/ClimateFEVER_test_top_250_only_w_correct-v2::142,code_switched,0.20210734650054757,0.16716045496620227,BM25,0.3066408898001728,0.137175496869298,0.5333333333333333,0.2866666666666667,-0.24666666666666665,BM25,True,0.28551916847223163,0.32369213627174986,0.21333333333333335,0.62,0.4066666666666666,Qwen,False
mteb/ClimateFEVER_test_top_250_only_w_correct-v2::1421,code_switched,0.24630238874073,0.19519002499605084,BM25,0.2662819905872661,0.19996241611033982,0.4666666666666667,0.4066666666666667,-0.06,BM25,True,0.30040775890826393,0.3230199009796665,0.405,0.61,0.20499999999999996,Qwen,False
mteb/ClimateFEVER_test_top_250_only_w_correct-v2::1426,code_switched,0.1480409554829326,0.20210734650054757,Qwen,0.1840712303545853,0.5106164131196667,0.345,0.8833333333333333,0.5383333333333333,Qwen,True,0.3599522937686155,0.293964799395829,0.91,0.27666666666666667,-0.6333333333333333,BM25,False
mteb/ClimateFEVER_test_top_250_only_w_correct-v2::1430,code_switched,0.0,0.0,Qwen,0.3630195279291223,0.35613280564066885,0.6316666666666667,0.6816666666666666,0.04999999999999993,Qwen,True,0.29091363580169755,0.27963093743092754,0.2866666666666667,0.08833333333333333,-0.19833333333333336,BM25,False
mteb/ClimateFEVER_test_top_250_only_w_correct-v2::1435,code_switched,0.0,0.0,Qwen,0.140337149671794,0.5560229055269571,0.25166666666666665,0.915,0.6633333333333333,Qwen,True,0.290240503517179,0.28640492543992935,0.2816666666666667,0.185,-0.09666666666666668,BM25,False
mteb/ClimateFEVER_test_top_250_only_w_correct-v2::1441,code_switched,0.43734888382569426,0.6508205185601091,Qwen,0.11519961483873406,0.22662098896521723,0.20166666666666666,0.4683333333333333,0.26666666666666666,Qwen,True,0.34145868337111107,0.315950034994669,0.8266666666666667,0.5133333333333333,-0.31333333333333335,BM25,False
mteb/ClimateFEVER_test_top_250_only_w_correct-v2::1444,code_switched,0.0,0.0,Qwen,0.31562928666752704,0.03622631909806452,0.5516666666666666,0.06666666666666667,-0.485,BM25,False,0.3282874972925439,0.3706068863869405,0.69,0.9633333333333334,0.27333333333333343,Qwen,True
mteb/ClimateFEVER_test_top_250_only_w_correct-v2::1448,code_switched,0.0,0.0,Qwen,0.1637237771469341,0.22012400909919577,0.295,0.455,0.16000000000000003,Qwen,True,0.320621926029163,0.31534004284858835,0.6066666666666667,0.5033333333333333,-0.10333333333333339,BM25,False
mteb/ClimateFEVER_test_top_250_only_w_correct-v2::1449,code_switched,0.123151194370365,0.46437288783752695,Qwen,0.2992484856057727,0.18065615185385656,0.52,0.35833333333333334,-0.16166666666666668,BM25,False,0.3123207126810981,0.33482118462588584,0.515,0.74,0.22499999999999998,Qwen,True
mteb/ClimateFEVER_test_top_250_only_w_correct-v2::1451,code_switched,0.09803928583135704,0.0,BM25,0.5958704457495019,0.5477857052487896,0.9283333333333333,0.91,-0.018333333333333313,BM25,True,0.28299608081365124,0.28952598479731106,0.175,0.22,0.04500000000000001,Qwen,False
mteb/ClimateFEVER_test_top_250_only_w_correct-v2::1453,code_switched,0.0,0.0,Qwen,0.6204580100951143,0.0426575960196638,0.9483333333333334,0.08333333333333333,-0.865,BM25,False,0.27331212212007966,0.35989571500189593,0.06333333333333334,0.91,0.8466666666666667,Qwen,True
mteb/ClimateFEVER_test_top_250_only_w_correct-v2::1460,code_switched,0.0,1.0,Qwen,0.2980696667994443,0.15519801564703675,0.5166666666666667,0.31333333333333335,-0.20333333333333337,BM25,False,0.32936287177831264,0.32318621946630005,0.7033333333333334,0.6133333333333333,-0.09000000000000008,BM25,False
mteb/ClimateFEVER_test_top_250_only_w_correct-v2::1462,code_switched,0.6508205185601091,0.7039180890341347,Qwen,0.00955175367642764,0.48615249029738994,0.02,0.855,0.835,Qwen,True,0.40286223823927075,0.2850492619476837,0.995,0.16666666666666666,-0.8283333333333334,BM25,False
mteb/ClimateFEVER_test_top_250_only_w_correct-v2::1467,code_switched,0.0,0.6240505200038379,Qwen,0.028521567916472132,0.1424972615253225,0.056666666666666664,0.29833333333333334,0.24166666666666667,Qwen,True,0.37279613645202925,0.38075271675909866,0.955,0.9833333333333333,0.02833333333333332,Qwen,True
mteb/ClimateFEVER_test_top_250_only_w_correct-v2::1473,code_switched,0.0,0.0,Qwen,0.18898800168573285,0.3636862794344943,0.3616666666666667,0.69,0.32833333333333325,Qwen,True,0.3134642292250567,0.26205897688012375,0.53,0.011666666666666667,-0.5183333333333333,BM25,False
mteb/ClimateFEVER_test_top_250_only_w_correct-v2::1475,code_switched,0.0,0.0,Qwen,0.12000383435216914,0.5890305136873898,0.21166666666666667,0.9383333333333334,0.7266666666666667,Qwen,True,0.3281926170863261,0.27818722807899077,0.6866666666666666,0.07666666666666666,-0.61,BM25,False
mteb/ClimateFEVER_test_top_250_only_w_correct-v2::148,code_switched,0.46927872602275644,0.46927872602275644,Qwen,0.22541027563756386,0.4508229691684274,0.3983333333333333,0.8216666666666667,0.42333333333333334,Qwen,True,0.3256165548556534,0.2980625682694428,0.66,0.31333333333333335,-0.3466666666666667,BM25,False
mteb/ClimateFEVER_test_top_250_only_w_correct-v2::1480,code_switched,0.31546487678572877,0.3562071871080222,Qwen,0.015587443254276166,0.05376372408084971,0.028333333333333332,0.125,0.09666666666666666,Qwen,True,0.3888265323949259,0.3329286638278735,0.9816666666666667,0.7166666666666667,-0.265,BM25,False
mteb/ClimateFEVER_test_top_250_only_w_correct-v2::1484,code_switched,0.0,0.43067655807339306,Qwen,0.47344680625984753,0.04371747090073133,0.775,0.085,-0.6900000000000001,BM25,False,0.2792808263708982,0.3142290905952054,0.11666666666666667,0.4766666666666667,0.36,Qwen,True
mteb/ClimateFEVER_test_top_250_only_w_correct-v2::1486,code_switched,0.0,0.0,Qwen,0.3675530748425311,0.5090719949299174,0.6416666666666667,0.8816666666666667,0.24,Qwen,True,0.2828996735592259,0.29915274658492513,0.17333333333333334,0.32,0.14666666666666667,Qwen,True
mteb/ClimateFEVER_test_top_250_only_w_correct-v2::1488,code_switched,0.6131471927654584,0.19342640361727081,BM25,0.02897771737464292,0.4696599637536892,0.06,0.8433333333333334,0.7833333333333334,Qwen,False,0.3317775446332757,0.2896166409124805,0.7283333333333334,0.22166666666666668,-0.5066666666666667,BM25,True
mteb/ClimateFEVER_test_top_250_only_w_correct-v2::1492,code_switched,0.23463936301137822,0.46927872602275644,Qwen,0.5416400638378389,0.5673283839609987,0.8783333333333333,0.925,0.046666666666666745,Qwen,True,0.27865974858553394,0.27650425202861556,0.11166666666666666,0.07,-0.04166666666666666,BM25,False
mteb/ClimateFEVER_test_top_250_only_w_correct-v2::1506,code_switched,0.0,0.0,Qwen,0.25873163065763044,0.0045025744296779266,0.4533333333333333,0.013333333333333334,-0.44,BM25,False,0.27772432605947406,0.3284893446456276,0.10166666666666667,0.6716666666666666,0.57,Qwen,True
mteb/ClimateFEVER_test_top_250_only_w_correct-v2::1512,code_switched,0.0,0.0,Qwen,0.027090619189219012,0.02582918300235552,0.051666666666666666,0.045,-0.006666666666666668,BM25,False,0.34899947034535844,0.35569385279101684,0.8666666666666667,0.89,0.023333333333333317,Qwen,True
mteb/ClimateFEVER_test_top_250_only_w_correct-v2::1513,code_switched,0.2960819109658652,0.16716045496620227,BM25,0.10468233711693209,0.06142526014493161,0.17833333333333334,0.13666666666666666,-0.041666666666666685,BM25,True,0.3517479966347065,0.3225014967446759,0.8833333333333333,0.5966666666666667,-0.2866666666666666,BM25,True
mteb/ClimateFEVER_test_top_250_only_w_correct-v2::1516,code_switched,0.0,0.24630238874073,Qwen,0.4797813268878612,0.08287851806910551,0.78,0.17666666666666667,-0.6033333333333334,BM25,False,0.28050258936719413,0.32045399925232426,0.135,0.5616666666666666,0.42666666666666664,Qwen,True
mteb/ClimateFEVER_test_top_250_only_w_correct-v2::1525,code_switched,0.0,0.24630238874073,Qwen,0.43731582478547676,0.023818007255278138,0.73,0.041666666666666664,-0.6883333333333334,BM25,False,0.3259000231343764,0.37760433327315956,0.6683333333333333,0.9766666666666667,0.30833333333333335,Qwen,True
mteb/ClimateFEVER_test_top_250_only_w_correct-v2::1529,code_switched,0.5912352048230277,0.18457569677956817,BM25,0.6029780279587894,0.21717155253281853,0.9366666666666666,0.44333333333333336,-0.4933333333333333,BM25,True,0.280030981030715,0.325763085052039,0.12833333333333333,0.6433333333333333,0.515,Qwen,False
mteb/ClimateFEVER_test_top_250_only_w_correct-v2::1531,code_switched,0.0,0.0,Qwen,0.027398657363790845,0.1977595647530004,0.05333333333333334,0.4,0.3466666666666667,Qwen,True,0.33792462193063166,0.34480944289431825,0.795,0.8233333333333334,0.02833333333333332,Qwen,True
mteb/ClimateFEVER_test_top_250_only_w_correct-v2::1532,code_switched,0.3903800499921017,0.24630238874073,BM25,0.4288377649345682,0.04006329889659295,0.7183333333333334,0.07333333333333333,-0.645,BM25,True,0.30621437318972117,0.38541795438814785,0.445,0.9916666666666667,0.5466666666666666,Qwen,False
mteb/ClimateFEVER_test_top_250_only_w_correct-v2::1533,code_switched,0.0,0.0,Qwen,0.5269885697053398,0.7179872839847942,0.8583333333333333,0.9866666666666667,0.1283333333333334,Qwen,True,0.2916326494671841,0.2720078933238879,0.295,0.04833333333333333,-0.24666666666666665,BM25,False
mteb/ClimateFEVER_test_top_250_only_w_correct-v2::1539,code_switched,0.18154179253735267,0.14126697285982898,BM25,0.5379723419997184,0.09441730950528661,0.8733333333333333,0.20166666666666666,-0.6716666666666666,BM25,True,0.26734448230779584,0.36510666268481323,0.028333333333333332,0.9466666666666667,0.9183333333333333,Qwen,False
mteb/ClimateFEVER_test_top_250_only_w_correct-v2::1544,code_switched,0.0,0.43734888382569426,Qwen,0.9411302292171779,0.1835059697394708,1.0,0.36666666666666664,-0.6333333333333333,BM25,False,0.2935743959976725,0.3490252521041457,0.31666666666666665,0.8516666666666667,0.535,Qwen,True
mteb/ClimateFEVER_test_top_250_only_w_correct-v2::1548,code_switched,0.43067655807339306,0.6309297535714575,Qwen,0.5013347434969478,0.49416377510817705,0.8266666666666667,0.8616666666666667,0.03500000000000003,Qwen,True,0.306993087457966,0.2840654935986544,0.4583333333333333,0.15333333333333332,-0.305,BM25,False
mteb/ClimateFEVER_test_top_250_only_w_correct-v2::1549,code_switched,0.0,0.0,Qwen,0.1525677445286155,0.311334820896753,0.2833333333333333,0.6066666666666667,0.32333333333333336,Qwen,True,0.319444453050564,0.31924331120125576,0.595,0.5483333333333333,-0.046666666666666634,BM25,False
mteb/ClimateFEVER_test_top_250_only_w_correct-v2::1553,code_switched,0.0,0.0,Qwen,0.4103370574170017,0.5405369714969949,0.6983333333333334,0.905,0.20666666666666667,Qwen,True,0.2746254073856815,0.28388476372366983,0.07833333333333334,0.15,0.07166666666666666,Qwen,True
mteb/ClimateFEVER_test_top_250_only_w_correct-v2::1555,code_switched,0.20210734650054757,0.14126697285982898,BM25,0.5613279189012422,0.3285841458485284,0.8933333333333333,0.6383333333333333,-0.255,BM25,True,0.28598251448452644,0.30287171188608036,0.22333333333333333,0.35,0.12666666666666665,Qwen,False
mteb/ClimateFEVER_test_top_250_only_w_correct-v2::1567,code_switched,0.2406672991267921,0.0,BM25,0.12845155083148954,0.5567744709106925,0.23,0.9166666666666666,0.6866666666666666,Qwen,False,0.37593214336531305,0.2702168821128128,0.9633333333333334,0.03833333333333333,-0.925,BM25,True
mteb/ClimateFEVER_test_top_250_only_w_correct-v2::1569,code_switched,1.0,1.0,Qwen,0.33362426736403533,0.5145326043200279,0.5833333333333334,0.8883333333333333,0.30499999999999994,Qwen,True,0.3208072011960756,0.2890948239315221,0.6116666666666667,0.21333333333333335,-0.3983333333333333,BM25,False
mteb/ClimateFEVER_test_top_250_only_w_correct-v2::1576,code_switched,0.0,0.2960819109658652,Qwen,0.050677599101333626,0.21794857160702694,0.09666666666666666,0.445,0.34833333333333333,Qwen,True,0.3513013341608142,0.30511285969743396,0.8816666666666667,0.37333333333333335,-0.5083333333333333,BM25,False
mteb/ClimateFEVER_test_top_250_only_w_correct-v2::1579,code_switched,0.0,0.0,Qwen,0.09507821921476514,0.28779386852175176,0.15666666666666668,0.565,0.40833333333333327,Qwen,True,0.3324001364486547,0.3101251509327368,0.7366666666666667,0.42833333333333334,-0.30833333333333335,BM25,False
mteb/ClimateFEVER_test_top_250_only_w_correct-v2::1580,code_switched,0.23719771276929622,0.3065735963827292,Qwen,0.3306427715993058,0.44590783788757626,0.5733333333333334,0.815,0.24166666666666659,Qwen,True,0.3256210954358378,0.29120777725663144,0.6616666666666666,0.24666666666666667,-0.4149999999999999,BM25,False
mteb/ClimateFEVER_test_top_250_only_w_correct-v2::1582,code_switched,0.0,0.0,Qwen,0.09908886327802523,0.025279020117559472,0.165,0.043333333333333335,-0.12166666666666667,BM25,False,0.3639355498199108,0.3419525732210118,0.9333333333333333,0.8033333333333333,-0.13,BM25,False
mteb/ClimateFEVER_test_top_250_only_w_correct-v2::1584,code_switched,0.0,0.0,Qwen,0.45690770103373607,0.19537818396322884,0.7616666666666667,0.3933333333333333,-0.3683333333333334,BM25,False,0.27182107037538666,0.33638472797208885,0.05,0.7633333333333333,0.7133333333333333,Qwen,True
mteb/ClimateFEVER_test_top_250_only_w_correct-v2::1598,code_switched,0.0,0.2960819109658652,Qwen,0.22858911553656103,0.2842648763196785,0.4033333333333333,0.5583333333333333,0.15500000000000003,Qwen,True,0.3492858668628931,0.304490956615699,0.87,0.36833333333333335,-0.5016666666666667,BM25,False
mteb/ClimateFEVER_test_top_250_only_w_correct-v2::1601,code_switched,0.2640681225725909,0.0,BM25,0.10088460959094046,0.23552995492125375,0.17166666666666666,0.4766666666666667,0.30500000000000005,Qwen,False,0.33251346738642185,0.3118127479339333,0.74,0.45666666666666667,-0.2833333333333333,BM25,True
mteb/ClimateFEVER_test_top_250_only_w_correct-v2::1602,code_switched,0.0,1.0,Qwen,0.758190118314928,0.108871365959673,0.99,0.23333333333333334,-0.7566666666666666,BM25,False,0.2820841634206172,0.35059912521083486,0.15833333333333333,0.8666666666666667,0.7083333333333334,Qwen,True
mteb/ClimateFEVER_test_top_250_only_w_correct-v2::1606,code_switched,0.24630238874073,0.36331756126716835,Qwen,0.15125437640024186,0.41338157028681694,0.2783333333333333,0.76,0.4816666666666667,Qwen,True,0.3333801766449182,0.31007742994807075,0.7516666666666667,0.4266666666666667,-0.325,BM25,False
mteb/ClimateFEVER_test_top_250_only_w_correct-v2::1607,code_switched,0.0,0.0,Qwen,0.31489829512150586,0.18465853687792821,0.5466666666666666,0.37166666666666665,-0.175,BM25,False,0.30677970071069505,0.31627931160752765,0.455,0.5183333333333333,0.0633333333333333,Qwen,True
mteb/ClimateFEVER_test_top_250_only_w_correct-v2::161,code_switched,0.0,0.0,Qwen,0.31933183491447314,0.2380641038147821,0.555,0.4866666666666667,-0.06833333333333336,BM25,False,0.3123802894366679,0.3136808689678519,0.5166666666666667,0.4633333333333333,-0.0533333333333334,BM25,False
mteb/ClimateFEVER_test_top_250_only_w_correct-v2::1614,code_switched,0.13905617951077562,0.2622073738811406,Qwen,0.03166111325379678,0.2276068293009388,0.06166666666666667,0.47333333333333333,0.4116666666666667,Qwen,True,0.3289284916312043,0.3064285268127358,0.6966666666666667,0.38333333333333336,-0.3133333333333333,BM25,False
mteb/ClimateFEVER_test_top_250_only_w_correct-v2::1615,code_switched,0.0,0.13120507751234178,Qwen,0.5059880497923958,0.21021109584571332,0.8333333333333334,0.4266666666666667,-0.4066666666666667,BM25,False,0.2900924989120971,0.3255869944597318,0.28,0.6416666666666667,0.3616666666666667,Qwen,True
mteb/ClimateFEVER_test_top_250_only_w_correct-v2::1616,code_switched,0.41618115554873086,0.46927872602275644,Qwen,0.489976671013065,0.5037877268740175,0.8083333333333333,0.8733333333333333,0.06499999999999995,Qwen,True,0.28265793286032853,0.2979705595224471,0.16333333333333333,0.31166666666666665,0.14833333333333332,Qwen,True
mteb/ClimateFEVER_test_top_250_only_w_correct-v2::1617,code_switched,0.3903800499921017,0.16812753627111746,BM25,0.6012946391575347,0.0030168221392575137,0.935,0.008333333333333333,-0.9266666666666667,BM25,True,0.2785901712614631,0.3701980225613837,0.11,0.9616666666666667,0.8516666666666667,Qwen,False
mteb/ClimateFEVER_test_top_250_only_w_correct-v2::1625,code_switched,0.0,0.4415801103577823,Qwen,0.21138786489977845,0.4655552504820748,0.385,0.84,0.45499999999999996,Qwen,True,0.32309856023499584,0.29569070010502685,0.6316666666666667,0.2866666666666667,-0.34500000000000003,BM25,False
mteb/ClimateFEVER_test_top_250_only_w_correct-v2::163,code_switched,0.0,0.0,Qwen,0.28888242787707447,0.3252991844590152,0.5,0.6333333333333333,0.1333333333333333,Qwen,True,0.3171535077321336,0.29129197348697333,0.5716666666666667,0.25,-0.32166666666666666,BM25,False
mteb/ClimateFEVER_test_top_250_only_w_correct-v2::1631,code_switched,0.2640681225725909,0.6131471927654584,Qwen,0.2426459436122209,0.18899157339702413,0.4266666666666667,0.38166666666666665,-0.04500000000000004,BM25,False,0.3307196756841793,0.32643371701362117,0.7183333333333334,0.6516666666666666,-0.06666666666666676,BM25,False
mteb/ClimateFEVER_test_top_250_only_w_correct-v2::1640,code_switched,0.0,0.0,Qwen,0.14352148953695107,0.12080255312954057,0.26,0.255,-0.0050000000000000044,BM25,False,0.3134477421628793,0.34642539484976287,0.5283333333333333,0.83,0.30166666666666664,Qwen,True
mteb/ClimateFEVER_test_top_250_only_w_correct-v2::1648,code_switched,0.0,0.6131471927654584,Qwen,0.009286666883515936,0.12189494618235888,0.018333333333333333,0.25666666666666665,0.2383333333333333,Qwen,True,0.40140870853028787,0.3807778537960621,0.9916666666666667,0.985,-0.00666666666666671,BM25,False
mteb/ClimateFEVER_test_top_250_only_w_correct-v2::1652,code_switched,0.0,0.0,Qwen,0.4482645890174224,0.09872054964671977,0.745,0.215,-0.53,BM25,False,0.25544208303380384,0.3287176166895131,0.005,0.675,0.67,Qwen,True
mteb/ClimateFEVER_test_top_250_only_w_correct-v2::1653,code_switched,0.19519002499605084,0.0,BM25,0.3268923523824358,0.3224810021852877,0.5683333333333334,0.6283333333333333,0.05999999999999994,Qwen,False,0.3150503214256166,0.28171334463654857,0.5466666666666666,0.11,-0.43666666666666665,BM25,True
mteb/ClimateFEVER_test_top_250_only_w_correct-v2::1654,code_switched,0.0,0.0,Qwen,0.36176015825580243,0.04152531903957519,0.63,0.07666666666666666,-0.5533333333333333,BM25,False,0.28896448137881814,0.3633269440328315,0.26166666666666666,0.9366666666666666,0.675,Qwen,True
mteb/ClimateFEVER_test_top_250_only_w_correct-v2::1656,code_switched,0.0,0.15101961822780524,Qwen,0.17532715964239282,0.27675981997219273,0.32,0.5433333333333333,0.22333333333333333,Qwen,True,0.31313886902174026,0.32310731317148067,0.5216666666666666,0.6116666666666667,0.09000000000000008,Qwen,True
mteb/ClimateFEVER_test_top_250_only_w_correct-v2::1658,code_switched,0.0,0.34337431936037655,Qwen,0.4521408855923711,0.20397187743525375,0.7516666666666667,0.415,-0.3366666666666667,BM25,False,0.30013621289484227,0.32042487238845824,0.4033333333333333,0.56,0.15666666666666673,Qwen,True
mteb/ClimateFEVER_test_top_250_only_w_correct-v2::1659,code_switched,0.46927872602275644,0.46927872602275644,Qwen,0.2720147447029252,0.5207597660359724,0.48333333333333334,0.8933333333333333,0.41,Qwen,True,0.287580141194355,0.2706902673710188,0.25,0.041666666666666664,-0.20833333333333334,BM25,False
mteb/ClimateFEVER_test_top_250_only_w_correct-v2::1660,code_switched,0.0,0.7039180890341347,Qwen,0.12807049534356552,0.6455620286973848,0.22833333333333333,0.97,0.7416666666666667,Qwen,True,0.3303683276870987,0.283195541648904,0.7133333333333334,0.13,-0.5833333333333334,BM25,False
mteb/ClimateFEVER_test_top_250_only_w_correct-v2::1662,code_switched,0.0,0.11284514134893527,Qwen,0.10997730085241195,0.03447327088868368,0.18833333333333332,0.06166666666666667,-0.12666666666666665,BM25,False,0.31609381079556825,0.39283239235771145,0.5566666666666666,0.995,0.43833333333333335,Qwen,True
mteb/ClimateFEVER_test_top_250_only_w_correct-v2::1665,code_switched,0.0,0.0,Qwen,0.27993867461457334,0.4990106295011544,0.49166666666666664,0.865,0.37333333333333335,Qwen,True,0.32387724429952935,0.27756647048325045,0.6383333333333333,0.07166666666666667,-0.5666666666666667,BM25,False
mteb/ClimateFEVER_test_top_250_only_w_correct-v2::1668,code_switched,0.0,0.15101961822780524,Qwen,0.004557948692748501,0.08002871459345802,0.006666666666666667,0.165,0.15833333333333335,Qwen,True,0.35699803838040267,0.3340750054111112,0.9016666666666666,0.7333333333333333,-0.16833333333333333,BM25,False
mteb/ClimateFEVER_test_top_250_only_w_correct-v2::1669,code_switched,0.0,0.0,Qwen,0.06647921276156411,0.06296741894166344,0.11833333333333333,0.14,0.02166666666666668,Qwen,True,0.3869897668850792,0.3356292958004513,0.9783333333333334,0.7566666666666667,-0.22166666666666668,BM25,False
mteb/ClimateFEVER_test_top_250_only_w_correct-v2::1670,code_switched,0.0,0.0,Qwen,0.3338541221494349,0.07891115636577946,0.585,0.16166666666666665,-0.42333333333333334,BM25,False,0.3186092256494132,0.32854317217091866,0.5883333333333334,0.6733333333333333,0.08499999999999996,Qwen,True
mteb/ClimateFEVER_test_top_250_only_w_correct-v2::1673,code_switched,0.0,0.0,Qwen,0.3506028830938425,0.15909512927572225,0.6116666666666667,0.3233333333333333,-0.2883333333333334,BM25,False,0.30785002303838993,0.31934642993067763,0.4683333333333333,0.5516666666666666,0.08333333333333331,Qwen,True
mteb/ClimateFEVER_test_top_250_only_w_correct-v2::1675,code_switched,0.0,0.0,Qwen,0.18441636766202382,0.04571058307161399,0.3466666666666667,0.09666666666666666,-0.25,BM25,False,0.34856025612364006,0.32600088923821,0.8616666666666667,0.645,-0.21666666666666667,BM25,False
mteb/ClimateFEVER_test_top_250_only_w_correct-v2::1692,code_switched,0.6309297535714575,0.43067655807339306,BM25,0.6945734406247951,0.048689777346301394,0.9766666666666667,0.11,-0.8666666666666667,BM25,True,0.2875905194424517,0.3556476628591835,0.25166666666666665,0.8883333333333333,0.6366666666666667,Qwen,False
mteb/ClimateFEVER_test_top_250_only_w_correct-v2::1700,code_switched,0.0,0.20210734650054757,Qwen,0.04678922675932834,0.22237846524388427,0.08833333333333333,0.46166666666666667,0.37333333333333335,Qwen,True,0.37952830781305436,0.33891014586199697,0.9666666666666667,0.7766666666666666,-0.19000000000000006,BM25,False
mteb/ClimateFEVER_test_top_250_only_w_correct-v2::1703,code_switched,0.1480409554829326,0.0,BM25,0.5600595286928391,0.0389409200452039,0.8916666666666667,0.07166666666666667,-0.8200000000000001,BM25,True,0.2854600604120483,0.34317731861890466,0.21166666666666667,0.81,0.5983333333333334,Qwen,False
mteb/ClimateFEVER_test_top_250_only_w_correct-v2::1705,code_switched,0.0,0.0,Qwen,0.2958770901897045,0.30506483139771523,0.5133333333333333,0.595,0.08166666666666667,Qwen,True,0.30107700918475694,0.31236500338385637,0.4116666666666667,0.46,0.04833333333333334,Qwen,True
mteb/ClimateFEVER_test_top_250_only_w_correct-v2::1707,code_switched,0.0,0.6049306994552042,Qwen,0.5474407721712186,0.49964837757452685,0.8833333333333333,0.8666666666666667,-0.016666666666666607,BM25,False,0.2660128573086126,0.2825752174775023,0.023333333333333334,0.12333333333333334,0.1,Qwen,True
mteb/ClimateFEVER_test_top_250_only_w_correct-v2::1708,code_switched,0.0,0.0,Qwen,0.2144286613468517,0.4125758347074362,0.39,0.7583333333333333,0.3683333333333333,Qwen,True,0.3137987038756108,0.32295299327027166,0.5366666666666666,0.6083333333333333,0.07166666666666666,Qwen,True
mteb/ClimateFEVER_test_top_250_only_w_correct-v2::1715,code_switched,0.0,0.0,Qwen,0.4505641055678563,0.0880827630396944,0.75,0.18666666666666668,-0.5633333333333334,BM25,False,0.30324485362179765,0.3241189464281227,0.42833333333333334,0.6283333333333333,0.19999999999999996,Qwen,True
mteb/ClimateFEVER_test_top_250_only_w_correct-v2::1725,code_switched,0.0,0.0,Qwen,0.10344597919817515,0.03201424493267973,0.17666666666666667,0.058333333333333334,-0.11833333333333333,BM25,False,0.3338062404584633,0.37696952438917297,0.7566666666666667,0.9733333333333334,0.21666666666666667,Qwen,True
mteb/ClimateFEVER_test_top_250_only_w_correct-v2::173,code_switched,0.0,0.0,Qwen,0.47693206395789883,0.4297269552832921,0.7783333333333333,0.7866666666666666,0.008333333333333304,Qwen,True,0.2858972001512912,0.2942795630586152,0.22166666666666668,0.2783333333333333,0.05666666666666664,Qwen,True
mteb/ClimateFEVER_test_top_250_only_w_correct-v2::1741,code_switched,0.0,0.14606834984270645,Qwen,0.03787980466450526,0.23695634811050914,0.07333333333333333,0.48,0.4066666666666666,Qwen,True,0.320664944117952,0.31421635281026117,0.6083333333333333,0.475,-0.1333333333333333,BM25,False
mteb/ClimateFEVER_test_top_250_only_w_correct-v2::1745,code_switched,0.0,0.6713860725233041,Qwen,0.24328197196585788,0.09152478402684011,0.42833333333333334,0.19333333333333333,-0.23500000000000001,BM25,False,0.2962693259307721,0.36175510456517596,0.36333333333333334,0.92,0.5566666666666666,Qwen,True
mteb/ClimateFEVER_test_top_250_only_w_correct-v2::1747,code_switched,0.20438239758848611,0.0,BM25,0.5964000673417372,0.2696185223343534,0.9316666666666666,0.5283333333333333,-0.4033333333333333,BM25,True,0.2744834387417107,0.3114072423069771,0.07666666666666666,0.4483333333333333,0.37166666666666665,Qwen,False
mteb/ClimateFEVER_test_top_250_only_w_correct-v2::1751,code_switched,0.6131471927654584,0.0,BM25,0.783288212547675,0.16316154281223344,0.995,0.33166666666666667,-0.6633333333333333,BM25,True,0.28343909468567763,0.3310183413690946,0.18166666666666667,0.705,0.5233333333333333,Qwen,False
mteb/ClimateFEVER_test_top_250_only_w_correct-v2::1756,code_switched,0.0,0.0,Qwen,0.013482373508019199,0.35120935884658966,0.02666666666666667,0.67,0.6433333333333334,Qwen,True,0.3414001271273696,0.3111997757158906,0.8233333333333334,0.44333333333333336,-0.38,BM25,False
mteb/ClimateFEVER_test_top_250_only_w_correct-v2::1758,code_switched,0.0,0.0,Qwen,0.48610396239038983,0.3876155296965526,0.795,0.72,-0.07500000000000007,BM25,False,0.28584352208255454,0.31467018663193924,0.22,0.49,0.27,Qwen,True
mteb/ClimateFEVER_test_top_250_only_w_correct-v2::1761,code_switched,0.2960819109658652,0.2960819109658652,Qwen,0.1775325543742273,0.19856399126543917,0.325,0.40166666666666667,0.07666666666666666,Qwen,True,0.3161808937104728,0.30828634515821934,0.5616666666666666,0.4083333333333333,-0.15333333333333332,BM25,False
mteb/ClimateFEVER_test_top_250_only_w_correct-v2::1765,code_switched,0.16812753627111746,0.5585075862632192,Qwen,0.4661023473590058,0.3065541638698041,0.77,0.6,-0.17000000000000004,BM25,False,0.3054411147076966,0.31376070830309344,0.43833333333333335,0.4666666666666667,0.02833333333333332,Qwen,True
mteb/ClimateFEVER_test_top_250_only_w_correct-v2::1769,code_switched,0.6131471927654584,0.0,BM25,0.1945020846762535,0.19380055528947085,0.36666666666666664,0.39,0.023333333333333373,Qwen,False,0.3426398363384666,0.2831871957260118,0.8316666666666667,0.12833333333333333,-0.7033333333333334,BM25,True
mteb/ClimateFEVER_test_top_250_only_w_correct-v2::1771,code_switched,0.0,0.0,Qwen,0.4077188983585613,0.06513219716238904,0.69,0.14333333333333334,-0.5466666666666666,BM25,False,0.29684235291683325,0.34267266727832274,0.36666666666666664,0.8083333333333333,0.4416666666666667,Qwen,True
mteb/ClimateFEVER_test_top_250_only_w_correct-v2::1782,code_switched,0.0,0.0,Qwen,0.41769259626374267,0.3098043367811179,0.7066666666666667,0.6033333333333334,-0.10333333333333328,BM25,False,0.2905617879894691,0.3172906063414727,0.285,0.53,0.24500000000000005,Qwen,True
mteb/ClimateFEVER_test_top_250_only_w_correct-v2::1789,code_switched,0.0,0.16812753627111746,Qwen,0.003341825332409295,0.6014615663887916,0.005,0.9433333333333334,0.9383333333333334,Qwen,True,0.3444361449556896,0.28061326069563086,0.8433333333333334,0.09666666666666666,-0.7466666666666667,BM25,False
mteb/ClimateFEVER_test_top_250_only_w_correct-v2::1790,code_switched,0.0,0.24630238874073,Qwen,0.6442482485088395,0.0072809909063326385,0.9583333333333334,0.016666666666666666,-0.9416666666666667,BM25,False,0.2568634610347157,0.3291319527294159,0.01,0.6783333333333333,0.6683333333333333,Qwen,True
mteb/ClimateFEVER_test_top_250_only_w_correct-v2::1793,code_switched,0.0,0.14606834984270645,Qwen,0.13179283673581985,0.1843145516793749,0.23833333333333334,0.37,0.13166666666666665,Qwen,True,0.31105602890311274,0.3302509320975115,0.5066666666666667,0.6883333333333334,0.18166666666666664,Qwen,True
mteb/ClimateFEVER_test_top_250_only_w_correct-v2::1794,code_switched,0.0,0.0,Qwen,0.6042031276359764,0.027164137399124485,0.9383333333333334,0.051666666666666666,-0.8866666666666667,BM25,False,0.26746957023498164,0.34614265200664823,0.03,0.8266666666666667,0.7966666666666666,Qwen,True
mteb/ClimateFEVER_test_top_250_only_w_correct-v2::1796,code_switched,0.0,0.0,Qwen,0.015891326563015028,0.24996397413844543,0.035,0.505,0.47,Qwen,True,0.33673429673829974,0.32278033194179784,0.7833333333333333,0.6066666666666667,-0.17666666666666664,BM25,False
mteb/ClimateFEVER_test_top_250_only_w_correct-v2::1798,code_switched,0.0,0.15642624200758548,Qwen,0.37581641370859414,0.19725036033421628,0.6516666666666666,0.3983333333333333,-0.2533333333333333,BM25,False,0.29506725293104863,0.348695037255386,0.3466666666666667,0.8483333333333334,0.5016666666666667,Qwen,True
mteb/ClimateFEVER_test_top_250_only_w_correct-v2::180,code_switched,0.14606834984270645,0.44615333764087994,Qwen,0.15519998089288442,0.2476230796240031,0.285,0.49833333333333335,0.21333333333333337,Qwen,True,0.3166389473686956,0.3058110972553882,0.5683333333333334,0.37833333333333335,-0.19,BM25,False
mteb/ClimateFEVER_test_top_250_only_w_correct-v2::1802,code_switched,0.0,0.0,Qwen,0.011724640569439103,0.4267331803672999,0.025,0.7816666666666666,0.7566666666666666,Qwen,True,0.38041759335514586,0.27833890551935836,0.9733333333333334,0.08,-0.8933333333333334,BM25,False
mteb/ClimateFEVER_test_top_250_only_w_correct-v2::1807,code_switched,0.0,0.0,Qwen,0.2691604819030333,0.05267104324691389,0.4816666666666667,0.12,-0.3616666666666667,BM25,False,0.310848677840588,0.37702465881493535,0.505,0.975,0.47,Qwen,True
mteb/ClimateFEVER_test_top_250_only_w_correct-v2::1815,code_switched,0.0,0.0,Qwen,0.008203833837048058,0.32082147975918696,0.013333333333333334,0.6216666666666667,0.6083333333333334,Qwen,True,0.3389689497873146,0.3085955933531544,0.8066666666666666,0.41,-0.39666666666666667,BM25,False
mteb/ClimateFEVER_test_top_250_only_w_correct-v2::1821,code_switched,0.0,0.0,Qwen,0.16532451070868961,0.244177745181948,0.3016666666666667,0.49166666666666664,0.18999999999999995,Qwen,True,0.32127502792464785,0.3058798281657606,0.6216666666666667,0.38,-0.2416666666666667,BM25,False
mteb/ClimateFEVER_test_top_250_only_w_correct-v2::1822,code_switched,0.0,0.0,Qwen,0.07919080051059631,0.4273065343341669,0.13666666666666666,0.7833333333333333,0.6466666666666667,Qwen,True,0.3951687210636635,0.2841300140191839,0.985,0.155,-0.83,BM25,False
mteb/ClimateFEVER_test_top_250_only_w_correct-v2::1824,code_switched,0.0,0.0,Qwen,0.03321137993899167,0.21122615953078155,0.06666666666666667,0.43333333333333335,0.3666666666666667,Qwen,True,0.37082838356679326,0.315897111114834,0.9516666666666667,0.5116666666666667,-0.43999999999999995,BM25,False
mteb/ClimateFEVER_test_top_250_only_w_correct-v2::1825,code_switched,0.0,0.6713860725233041,Qwen,0.5572961377263494,0.05815080593340993,0.885,0.13166666666666665,-0.7533333333333334,BM25,False,0.27668400188647263,0.3328756024862076,0.09166666666666666,0.715,0.6233333333333333,Qwen,True
mteb/ClimateFEVER_test_top_250_only_w_correct-v2::1829,code_switched,0.1208113026994942,0.26761938846816513,Qwen,0.07828049829624738,0.5043022093215633,0.13333333333333333,0.875,0.7416666666666667,Qwen,True,0.3611534808932387,0.28760749505260025,0.9183333333333333,0.20166666666666666,-0.7166666666666667,BM25,False
mteb/ClimateFEVER_test_top_250_only_w_correct-v2::1830,code_switched,0.0,0.6131471927654584,Qwen,0.2991608845210113,0.44584927979309014,0.5183333333333333,0.8133333333333334,0.29500000000000004,Qwen,True,0.3238718683101644,0.29720924430225554,0.6366666666666667,0.29833333333333334,-0.3383333333333334,BM25,False
mteb/ClimateFEVER_test_top_250_only_w_correct-v2::1837,code_switched,0.11305340175787204,0.0,BM25,0.174367723927299,0.04913540677327631,0.31666666666666665,0.11166666666666666,-0.205,BM25,True,0.34313494440208,0.3408596575263676,0.8333333333333334,0.795,-0.03833333333333333,BM25,True
mteb/ClimateFEVER_test_top_250_only_w_correct-v2::1842,code_switched,0.38685280723454163,0.38685280723454163,Qwen,0.36011740545689663,0.05077993112247823,0.625,0.11666666666666667,-0.5083333333333333,BM25,False,0.3351656544135334,0.346278054604085,0.7616666666666667,0.8283333333333334,0.06666666666666665,Qwen,True
mteb/ClimateFEVER_test_top_250_only_w_correct-v2::185,code_switched,0.0,0.0,Qwen,0.6123307580425226,0.7288072054466735,0.9433333333333334,0.99,0.046666666666666634,Qwen,True,0.2719711617468848,0.2825548707801902,0.05333333333333334,0.12166666666666667,0.06833333333333333,Qwen,True
mteb/ClimateFEVER_test_top_250_only_w_correct-v2::1850,code_switched,0.0,0.0,Qwen,0.1262058985125312,0.3885989096193816,0.22333333333333333,0.7233333333333334,0.5,Qwen,True,0.30628785097962014,0.2923316962272564,0.4483333333333333,0.25833333333333336,-0.18999999999999995,BM25,False
mteb/ClimateFEVER_test_top_250_only_w_correct-v2::1851,code_switched,0.0,0.0,Qwen,0.2941583979555011,0.09629896514872925,0.51,0.20666666666666667,-0.30333333333333334,BM25,False,0.30864724633821056,0.36054850287878565,0.4766666666666667,0.915,0.43833333333333335,Qwen,True
mteb/ClimateFEVER_test_top_250_only_w_correct-v2::1853,code_switched,0.0,0.0,Qwen,0.4442722619747341,0.14080715450211947,0.7366666666666667,0.295,-0.4416666666666667,BM25,False,0.30820738126224145,0.3227309756000033,0.47333333333333333,0.6033333333333334,0.13000000000000006,Qwen,True
mteb/ClimateFEVER_test_top_250_only_w_correct-v2::1854,code_switched,0.0,0.0,Qwen,0.19000498030760016,0.16221322316304193,0.36333333333333334,0.32666666666666666,-0.03666666666666668,BM25,False,0.3563613712552174,0.3173503877334908,0.9,0.5316666666666666,-0.3683333333333334,BM25,False
mteb/ClimateFEVER_test_top_250_only_w_correct-v2::1861,code_switched,0.0,0.0,Qwen,0.3016410084010414,0.010248072987066668,0.525,0.02,-0.505,BM25,False,0.3244638723550882,0.3260052508632029,0.6483333333333333,0.6466666666666666,-0.0016666666666667052,BM25,False
mteb/ClimateFEVER_test_top_250_only_w_correct-v2::1865,code_switched,0.0,0.0,Qwen,0.4109231120960534,0.3456966879193351,0.7,0.665,-0.03499999999999992,BM25,False,0.266965205627426,0.3150932428601841,0.025,0.49666666666666665,0.4716666666666666,Qwen,True
mteb/ClimateFEVER_test_top_250_only_w_correct-v2::1869,code_switched,0.0,0.0,Qwen,0.023866290459252905,0.6785782810013633,0.04833333333333333,0.9833333333333333,0.9349999999999999,Qwen,True,0.3626239350810611,0.2701373146058216,0.925,0.03666666666666667,-0.8883333333333334,BM25,False
mteb/ClimateFEVER_test_top_250_only_w_correct-v2::1872,code_switched,0.0,0.0,Qwen,0.2993957878979443,0.17440015072698262,0.5216666666666666,0.3466666666666667,-0.17499999999999993,BM25,False,0.3188855996387161,0.3194364318716585,0.59,0.5533333333333333,-0.036666666666666625,BM25,False
mteb/ClimateFEVER_test_top_250_only_w_correct-v2::1874,code_switched,0.0,0.20210734650054757,Qwen,0.5006962627223908,0.5304974671906881,0.8233333333333334,0.9,0.07666666666666666,Qwen,True,0.3059284126483476,0.27236151826119837,0.44166666666666665,0.05333333333333334,-0.3883333333333333,BM25,False
mteb/ClimateFEVER_test_top_250_only_w_correct-v2::1877,code_switched,0.0,0.0,Qwen,0.5465929927720125,0.014460342171311183,0.8816666666666667,0.02666666666666667,-0.8550000000000001,BM25,False,0.2744024884909891,0.3236755616291942,0.075,0.6183333333333333,0.5433333333333333,Qwen,True
mteb/ClimateFEVER_test_top_250_only_w_correct-v2::1878,code_switched,0.0,0.0,Qwen,0.3090676570975292,0.0008694482108655489,0.5383333333333333,0.0033333333333333335,-0.535,BM25,False,0.29463287623704565,0.32339771938311523,0.34,0.6166666666666667,0.27666666666666667,Qwen,True
mteb/ClimateFEVER_test_top_250_only_w_correct-v2::1880,code_switched,0.0,0.0,Qwen,0.5955601677421464,0.10151537272750515,0.9266666666666666,0.22,-0.7066666666666667,BM25,False,0.2885118735310165,0.28712381387678165,0.25666666666666665,0.19666666666666666,-0.06,BM25,False
mteb/ClimateFEVER_test_top_250_only_w_correct-v2::1882,code_switched,0.0,0.0,Qwen,0.03696722343017244,0.5656707615659937,0.07166666666666667,0.9233333333333333,0.8516666666666667,Qwen,True,0.36610788604523564,0.2894234344849919,0.9383333333333334,0.21666666666666667,-0.7216666666666667,BM25,False
mteb/ClimateFEVER_test_top_250_only_w_correct-v2::1890,code_switched,0.0,0.0,Qwen,0.18178606609740602,0.035492179292811885,0.33166666666666667,0.065,-0.26666666666666666,BM25,False,0.32080174958728036,0.3630280018769119,0.61,0.935,0.32500000000000007,Qwen,True
mteb/ClimateFEVER_test_top_250_only_w_correct-v2::1893,code_switched,0.41618115554873086,0.7039180890341347,Qwen,0.26638023050664367,0.27345105369422146,0.4683333333333333,0.54,0.07166666666666671,Qwen,True,0.32754467586691777,0.3294216167734266,0.6833333333333333,0.6816666666666666,-0.0016666666666667052,BM25,False
mteb/ClimateFEVER_test_top_250_only_w_correct-v2::19,code_switched,0.0,0.4632423659320675,Qwen,0.3126824609297677,0.6559885857664106,0.5433333333333333,0.9766666666666667,0.43333333333333335,Qwen,True,0.29616996695686887,0.2788593761680579,0.3616666666666667,0.08333333333333333,-0.2783333333333334,BM25,False
mteb/ClimateFEVER_test_top_250_only_w_correct-v2::1901,code_switched,0.21398626473452756,0.0,BM25,0.3707507420693016,0.13459540388259625,0.6483333333333333,0.2833333333333333,-0.365,BM25,True,0.25321334563667497,0.36645043309332664,0.0033333333333333335,0.95,0.9466666666666667,Qwen,False
mteb/ClimateFEVER_test_top_250_only_w_correct-v2::1908,code_switched,0.0,0.5294362295028773,Qwen,0.009655447733883032,0.11837728640091481,0.021666666666666667,0.25,0.22833333333333333,Qwen,True,0.3758604243936937,0.3403384823397413,0.9616666666666667,0.7866666666666666,-0.17500000000000004,BM25,False
mteb/ClimateFEVER_test_top_250_only_w_correct-v2::1909,code_switched,0.0,0.0,Qwen,0.7218749993868718,0.7083091064539071,0.98,0.985,0.0050000000000000044,Qwen,True,0.2860502035382878,0.2708472828165342,0.225,0.043333333333333335,-0.18166666666666667,BM25,False
mteb/ClimateFEVER_test_top_250_only_w_correct-v2::1910,code_switched,0.0,0.2640681225725909,Qwen,0.08324395475814778,0.3387373578136198,0.14333333333333334,0.6533333333333333,0.51,Qwen,True,0.29323981458480025,0.2961244862464223,0.31166666666666665,0.29,-0.021666666666666667,BM25,False
mteb/ClimateFEVER_test_top_250_only_w_correct-v2::1912,code_switched,0.23719771276929622,0.0,BM25,0.18868204254747467,0.16795445444083465,0.35833333333333334,0.34,-0.018333333333333313,BM25,True,0.30880069283615297,0.33463953174906624,0.47833333333333333,0.7383333333333333,0.25999999999999995,Qwen,False
mteb/ClimateFEVER_test_top_250_only_w_correct-v2::1919,code_switched,0.123151194370365,0.24630238874073,Qwen,0.27340018328798527,0.2784366483933956,0.485,0.5483333333333333,0.06333333333333335,Qwen,True,0.324698144569657,0.31754333697808124,0.65,0.5366666666666666,-0.1133333333333334,BM25,False
mteb/ClimateFEVER_test_top_250_only_w_correct-v2::1923,code_switched,0.0,0.0,Qwen,0.12986279900179343,0.10137433396487294,0.23166666666666666,0.21833333333333332,-0.013333333333333336,BM25,False,0.32087033327585074,0.32547570381660273,0.615,0.6383333333333333,0.023333333333333317,Qwen,True
mteb/ClimateFEVER_test_top_250_only_w_correct-v2::1933,code_switched,0.0,0.21840743681816419,Qwen,0.5109310050759319,0.3799443967030785,0.8366666666666667,0.7066666666666667,-0.13,BM25,False,0.27951389746783517,0.297369335185333,0.12,0.3,0.18,Qwen,True
mteb/ClimateFEVER_test_top_250_only_w_correct-v2::1938,code_switched,0.6309297535714575,1.0,Qwen,0.179041580053913,0.14023982435784843,0.32666666666666666,0.29333333333333333,-0.033333333333333326,BM25,False,0.33776884565538956,0.3221881763339472,0.7933333333333333,0.59,-0.20333333333333337,BM25,False
mteb/ClimateFEVER_test_top_250_only_w_correct-v2::1943,code_switched,0.0,0.6131471927654584,Qwen,0.3515960623102018,0.41082559809634184,0.6133333333333333,0.7533333333333333,0.14,Qwen,True,0.3124479338068656,0.28369932096674927,0.5183333333333333,0.14666666666666667,-0.37166666666666665,BM25,False
mteb/ClimateFEVER_test_top_250_only_w_correct-v2::1944,code_switched,0.0,0.46927872602275644,Qwen,0.26221624792743764,0.0669247901026586,0.4583333333333333,0.145,-0.31333333333333335,BM25,False,0.31293458584899475,0.3323363783789537,0.52,0.7083333333333334,0.18833333333333335,Qwen,True
mteb/ClimateFEVER_test_top_250_only_w_correct-v2::1951,code_switched,0.0,0.23719771276929622,Qwen,0.5398951050016476,0.16098988348260995,0.875,0.325,-0.55,BM25,False,0.28003909534305566,0.34357378183547344,0.13,0.8166666666666667,0.6866666666666666,Qwen,True
mteb/ClimateFEVER_test_top_250_only_w_correct-v2::1953,code_switched,0.0,0.0,Qwen,0.12264061838761728,0.014902345910645015,0.21666666666666667,0.028333333333333332,-0.18833333333333335,BM25,False,0.31926643353996026,0.3348397445831899,0.5933333333333334,0.7416666666666667,0.14833333333333332,Qwen,True
mteb/ClimateFEVER_test_top_250_only_w_correct-v2::1960,code_switched,0.0,0.19519002499605084,Qwen,0.6649632734514707,0.3113250677841848,0.9666666666666667,0.605,-0.3616666666666667,BM25,False,0.29138974274819934,0.30787721126558815,0.2916666666666667,0.40166666666666667,0.10999999999999999,Qwen,True
mteb/ClimateFEVER_test_top_250_only_w_correct-v2::197,code_switched,0.0,0.0,Qwen,0.36143081575030706,0.4244114588190886,0.6283333333333333,0.7783333333333333,0.15000000000000002,Qwen,True,0.28705645114418793,0.28142200282149926,0.245,0.105,-0.14,BM25,False
mteb/ClimateFEVER_test_top_250_only_w_correct-v2::1973,code_switched,0.6131471927654584,0.0,BM25,0.3382446144279686,0.43970616246793415,0.5933333333333334,0.8016666666666666,0.20833333333333326,Qwen,False,0.31716982341673206,0.2977029387167544,0.5733333333333334,0.30833333333333335,-0.265,BM25,True
mteb/ClimateFEVER_test_top_250_only_w_correct-v2::1975,code_switched,0.15642624200758548,0.46927872602275644,Qwen,0.5584215317953852,0.4105103442525446,0.8866666666666667,0.7516666666666667,-0.135,BM25,False,0.2806343938415464,0.2518410916875727,0.13666666666666666,0.0033333333333333335,-0.13333333333333333,BM25,False
mteb/ClimateFEVER_test_top_250_only_w_correct-v2::1977,code_switched,0.3764290720714305,0.3903800499921017,Qwen,0.5614060901484261,0.524922759515899,0.895,0.8966666666666666,0.0016666666666665941,Qwen,True,0.26774951239293276,0.29356634939659737,0.03166666666666667,0.2733333333333333,0.24166666666666664,Qwen,True
mteb/ClimateFEVER_test_top_250_only_w_correct-v2::1983,code_switched,0.0,0.0,Qwen,0.036902285563993886,0.3416353299862994,0.07,0.6566666666666666,0.5866666666666667,Qwen,True,0.3212020180952982,0.3105066869268469,0.6183333333333333,0.435,-0.1833333333333333,BM25,False
mteb/ClimateFEVER_test_top_250_only_w_correct-v2::1985,code_switched,0.40298313359773236,0.9197207891481876,Qwen,0.12009503115494868,0.483208485811121,0.21333333333333335,0.8516666666666667,0.6383333333333333,Qwen,True,0.3501893844773228,0.3033747217283211,0.875,0.35833333333333334,-0.5166666666666666,BM25,False
mteb/ClimateFEVER_test_top_250_only_w_correct-v2::1987,code_switched,0.0,0.0,Qwen,0.05998450913173808,0.6337251014245929,0.10666666666666667,0.96,0.8533333333333333,Qwen,True,0.2950580793419775,0.28194393338254203,0.345,0.11333333333333333,-0.23166666666666663,BM25,False
mteb/ClimateFEVER_test_top_250_only_w_correct-v2::1996,code_switched,0.2960819109658652,0.16716045496620227,BM25,0.45566855260323624,0.37145200050274985,0.7583333333333333,0.6966666666666667,-0.06166666666666665,BM25,True,0.28271857930804845,0.28606710802013546,0.17,0.18166666666666667,0.011666666666666659,Qwen,False
mteb/ClimateFEVER_test_top_250_only_w_correct-v2::1998,code_switched,0.0,0.0,Qwen,0.0008088713933000782,0.6155646453373775,0.0016666666666666668,0.955,0.9533333333333333,Qwen,True,0.36763271654264557,0.2909578324282289,0.9416666666666667,0.24166666666666667,-0.7,BM25,False
mteb/ClimateFEVER_test_top_250_only_w_correct-v2::1999,code_switched,0.0,0.0,Qwen,0.511118597987772,0.32024970238288236,0.8383333333333334,0.62,-0.21833333333333338,BM25,False,0.300421278533899,0.31065620702918995,0.4066666666666667,0.43833333333333335,0.031666666666666676,Qwen,True
mteb/ClimateFEVER_test_top_250_only_w_correct-v2::200,code_switched,0.0,0.16812753627111746,Qwen,0.5217069283140086,0.10942504150554176,0.8516666666666667,0.235,-0.6166666666666667,BM25,False,0.2866993104935006,0.3399137246157511,0.23333333333333334,0.7833333333333333,0.55,Qwen,True
mteb/ClimateFEVER_test_top_250_only_w_correct-v2::2000,code_switched,0.0,0.0,Qwen,0.36841585292747114,0.3880935509736688,0.645,0.7216666666666667,0.07666666666666666,Qwen,True,0.28958835266463995,0.287758863185846,0.27,0.20333333333333334,-0.06666666666666668,BM25,False
mteb/ClimateFEVER_test_top_250_only_w_correct-v2::2004,code_switched,0.0,0.0,Qwen,0.14874317135798532,0.5917408592706613,0.2733333333333333,0.94,0.6666666666666666,Qwen,True,0.3067179104816364,0.29144095350753463,0.4533333333333333,0.25333333333333335,-0.19999999999999996,BM25,False
mteb/ClimateFEVER_test_top_250_only_w_correct-v2::2008,code_switched,0.5,0.0,BM25,0.3932236481657635,0.35486065811720013,0.675,0.6733333333333333,-0.0016666666666667052,BM25,True,0.2973304084282353,0.31464237417191104,0.375,0.48833333333333334,0.11333333333333334,Qwen,False
mteb/ClimateFEVER_test_top_250_only_w_correct-v2::2009,code_switched,0.0,0.0,Qwen,0.529998930923239,0.2530657388837959,0.8633333333333333,0.5116666666666667,-0.35166666666666657,BM25,False,0.29821379210829085,0.330791371342316,0.38333333333333336,0.6983333333333334,0.315,Qwen,True
mteb/ClimateFEVER_test_top_250_only_w_correct-v2::2012,code_switched,0.0,0.0,Qwen,0.33455708014009505,0.1870182284622397,0.5866666666666667,0.37666666666666665,-0.21000000000000002,BM25,False,0.29459791496460086,0.2835665726016387,0.33666666666666667,0.14333333333333334,-0.19333333333333333,BM25,False
mteb/ClimateFEVER_test_top_250_only_w_correct-v2::2020,code_switched,0.2960819109658652,0.0,BM25,0.18350463840761128,0.23726347282482427,0.3416666666666667,0.4816666666666667,0.14,Qwen,False,0.33283982883513197,0.3158908424036136,0.7433333333333333,0.51,-0.23333333333333328,BM25,True
mteb/ClimateFEVER_test_top_250_only_w_correct-v2::2024,code_switched,0.0,0.0,Qwen,0.5710095173440662,0.5869655393317669,0.9033333333333333,0.935,0.03166666666666673,Qwen,True,0.27482709458527455,0.2780696861474058,0.08166666666666667,0.075,-0.006666666666666668,BM25,False
mteb/ClimateFEVER_test_top_250_only_w_correct-v2::2027,code_switched,0.0,0.0,Qwen,0.10844101753912161,0.6382733904198191,0.18666666666666668,0.9616666666666667,0.775,Qwen,True,0.33331908104953406,0.28487229759436156,0.75,0.16333333333333333,-0.5866666666666667,BM25,False
mteb/ClimateFEVER_test_top_250_only_w_correct-v2::2029,code_switched,0.0,0.0,Qwen,0.10480654992850111,0.3213099269578854,0.18,0.625,0.445,Qwen,True,0.3549133636271263,0.3095039494613955,0.895,0.42,-0.47500000000000003,BM25,False
mteb/ClimateFEVER_test_top_250_only_w_correct-v2::2036,code_switched,0.3764290720714305,0.13905617951077562,BM25,0.11292696012569738,0.20791557796380822,0.19666666666666666,0.4216666666666667,0.22500000000000003,Qwen,False,0.3321308407028023,0.32833932877652605,0.7333333333333333,0.67,-0.06333333333333324,BM25,True
mteb/ClimateFEVER_test_top_250_only_w_correct-v2::2041,code_switched,0.19519002499605084,0.13905617951077562,BM25,0.4751891391259552,0.37248334718335463,0.7766666666666666,0.7,-0.07666666666666666,BM25,True,0.29361743668376156,0.2992440107227101,0.31833333333333336,0.32166666666666666,0.0033333333333332993,Qwen,False
mteb/ClimateFEVER_test_top_250_only_w_correct-v2::2042,code_switched,0.0,0.0,Qwen,0.6330312280558911,0.19922034607176278,0.9533333333333334,0.4033333333333333,-0.55,BM25,False,0.2715175890019291,0.31945459928538045,0.04666666666666667,0.5566666666666666,0.51,Qwen,True
mteb/ClimateFEVER_test_top_250_only_w_correct-v2::2047,code_switched,0.20210734650054757,0.0,BM25,0.305156386228188,0.23239450938536382,0.5316666666666666,0.475,-0.05666666666666664,BM25,True,0.32037981236824986,0.306643320729096,0.6033333333333334,0.39,-0.21333333333333337,BM25,True
mteb/ClimateFEVER_test_top_250_only_w_correct-v2::2048,code_switched,0.0,0.44149241373678083,Qwen,0.26738646837772634,0.4148915274922946,0.4766666666666667,0.7616666666666667,0.28500000000000003,Qwen,True,0.31424680764973545,0.3018497639926546,0.5416666666666666,0.3383333333333333,-0.2033333333333333,BM25,False
mteb/ClimateFEVER_test_top_250_only_w_correct-v2::2049,code_switched,0.0,0.0,Qwen,0.04308213154743237,0.11819398913795093,0.08,0.24833333333333332,0.16833333333333333,Qwen,True,0.33157221417219174,0.35820243693823767,0.7266666666666667,0.9083333333333333,0.18166666666666664,Qwen,True
mteb/ClimateFEVER_test_top_250_only_w_correct-v2::2059,code_switched,0.0,0.21840743681816419,Qwen,0.3652506601623161,0.24469185245628072,0.6383333333333333,0.49333333333333335,-0.14499999999999996,BM25,False,0.3001181619582849,0.33145121462935584,0.40166666666666667,0.7066666666666667,0.305,Qwen,True
mteb/ClimateFEVER_test_top_250_only_w_correct-v2::2062,code_switched,0.0,0.31546487678572877,Qwen,0.3156171780687288,0.4017119050747471,0.55,0.7416666666666667,0.19166666666666665,Qwen,True,0.3211119898662044,0.28500481775472913,0.6166666666666667,0.165,-0.45166666666666666,BM25,False
mteb/ClimateFEVER_test_top_250_only_w_correct-v2::2065,code_switched,0.0,0.0,Qwen,0.590349536468172,0.35868781542405304,0.92,0.6833333333333333,-0.2366666666666667,BM25,False,0.2843693956471575,0.2966735407213821,0.19333333333333333,0.2966666666666667,0.10333333333333336,Qwen,True
mteb/ClimateFEVER_test_top_250_only_w_correct-v2::2067,code_switched,0.21398626473452756,0.58341868454383,Qwen,0.3272345877980885,0.15017991288149715,0.57,0.31,-0.25999999999999995,BM25,False,0.2653044860876435,0.3403462788925945,0.02,0.7883333333333333,0.7683333333333333,Qwen,True
mteb/ClimateFEVER_test_top_250_only_w_correct-v2::2068,code_switched,0.3044671974905181,0.0,BM25,0.10782842434194441,0.35142926749119824,0.18333333333333332,0.6716666666666666,0.4883333333333333,Qwen,False,0.33720838741980397,0.3089180123953823,0.7883333333333333,0.4116666666666667,-0.37666666666666665,BM25,True
mteb/ClimateFEVER_test_top_250_only_w_correct-v2::2071,code_switched,0.0,0.46927872602275644,Qwen,0.26462787341392147,0.4889383763914889,0.4633333333333333,0.8583333333333333,0.39499999999999996,Qwen,True,0.3103414536879086,0.28866000458281865,0.5016666666666667,0.21166666666666667,-0.29000000000000004,BM25,False
mteb/ClimateFEVER_test_top_250_only_w_correct-v2::2075,code_switched,0.0,0.0,Qwen,0.5238754806598993,0.23581255580730323,0.855,0.47833333333333333,-0.37666666666666665,BM25,False,0.2813233781211123,0.32167419900382105,0.15,0.5833333333333334,0.43333333333333335,Qwen,True
mteb/ClimateFEVER_test_top_250_only_w_correct-v2::2076,code_switched,0.46927872602275644,0.20210734650054757,BM25,0.5195152024353918,0.5374966119879521,0.8466666666666667,0.9016666666666666,0.05499999999999994,Qwen,False,0.29845402896742,0.2724720954793935,0.385,0.055,-0.33,BM25,True
mteb/ClimateFEVER_test_top_250_only_w_correct-v2::2078,code_switched,0.0,0.2960819109658652,Qwen,0.49372549254299053,0.4756420473710626,0.8133333333333334,0.845,0.03166666666666662,Qwen,True,0.28675479335014387,0.2905156423203994,0.235,0.235,0.0,Qwen,True
mteb/ClimateFEVER_test_top_250_only_w_correct-v2::2081,code_switched,0.0,0.3065735963827292,Qwen,0.5375661574350855,0.0017532759040692703,0.8716666666666667,0.005,-0.8666666666666667,BM25,False,0.2891327501131573,0.3352818817338427,0.265,0.75,0.485,Qwen,True
mteb/ClimateFEVER_test_top_250_only_w_correct-v2::2084,code_switched,0.0,0.21515079688078367,Qwen,0.06010904976926889,0.05649791432427559,0.10833333333333334,0.12833333333333333,0.01999999999999999,Qwen,True,0.40003479510834944,0.3221953420747744,0.99,0.5916666666666667,-0.3983333333333333,BM25,False
mteb/ClimateFEVER_test_top_250_only_w_correct-v2::2086,code_switched,0.8503449055347546,0.6131471927654584,BM25,0.5343006403715568,0.7910653929089269,0.87,0.9933333333333333,0.1233333333333333,Qwen,False,0.29461817281723945,0.2809736909678341,0.3383333333333333,0.1,-0.2383333333333333,BM25,True
mteb/ClimateFEVER_test_top_250_only_w_correct-v2::2092,code_switched,0.6309297535714575,0.5,BM25,0.11079905571212366,0.30040532609184945,0.19166666666666668,0.585,0.3933333333333333,Qwen,False,0.32659134223610004,0.30253324000754195,0.6716666666666666,0.345,-0.32666666666666666,BM25,True
mteb/ClimateFEVER_test_top_250_only_w_correct-v2::2093,code_switched,0.0,0.3903800499921017,Qwen,0.11779901615161682,0.5081952433189365,0.20833333333333334,0.88,0.6716666666666666,Qwen,True,0.3105864704416594,0.2832024223032923,0.5033333333333333,0.13166666666666665,-0.37166666666666665,BM25,False
mteb/ClimateFEVER_test_top_250_only_w_correct-v2::2096,code_switched,0.0,0.0,Qwen,0.07642595332962501,0.4536512259507373,0.13,0.8266666666666667,0.6966666666666667,Qwen,True,0.36391207872262216,0.28578769705020596,0.9316666666666666,0.17666666666666667,-0.755,BM25,False
mteb/ClimateFEVER_test_top_250_only_w_correct-v2::211,code_switched,0.0,0.0,Qwen,0.3246409566160771,0.4518171504274297,0.5616666666666666,0.8233333333333334,0.2616666666666667,Qwen,True,0.30316129871691533,0.291268220867248,0.4266666666666667,0.24833333333333332,-0.17833333333333337,BM25,False
mteb/ClimateFEVER_test_top_250_only_w_correct-v2::2117,code_switched,1.0,1.0,Qwen,0.520568523663114,0.4233581425170313,0.8483333333333334,0.7766666666666666,-0.07166666666666677,BM25,False,0.2826804123770704,0.30013212705626185,0.16666666666666666,0.3283333333333333,0.16166666666666665,Qwen,True
mteb/ClimateFEVER_test_top_250_only_w_correct-v2::2119,code_switched,0.46927872602275644,0.0,BM25,0.5727044680810486,0.38119143810974426,0.9066666666666666,0.71,-0.19666666666666666,BM25,True,0.285229020012897,0.29142125165562766,0.2,0.25166666666666665,0.05166666666666664,Qwen,False
mteb/ClimateFEVER_test_top_250_only_w_correct-v2::2121,code_switched,0.0,0.0,Qwen,0.7778168829747413,0.5202641762964305,0.9933333333333333,0.8916666666666667,-0.10166666666666657,BM25,False,0.28141580434468594,0.3039478290613657,0.15166666666666667,0.3616666666666667,0.21000000000000002,Qwen,True
mteb/ClimateFEVER_test_top_250_only_w_correct-v2::2123,code_switched,0.11751610475642714,0.15101961822780524,Qwen,0.42920409230705747,0.04512444960716376,0.72,0.09166666666666666,-0.6283333333333333,BM25,False,0.2780860247870102,0.3165046832911585,0.105,0.5216666666666666,0.41666666666666663,Qwen,True
mteb/ClimateFEVER_test_top_250_only_w_correct-v2::2130,code_switched,0.18154179253735267,0.2960819109658652,Qwen,0.3311114769695025,0.43979048840465934,0.5783333333333334,0.8033333333333333,0.22499999999999998,Qwen,True,0.32511870307795493,0.28683050056252046,0.6516666666666666,0.19,-0.4616666666666666,BM25,False
mteb/ClimateFEVER_test_top_250_only_w_correct-v2::2132,code_switched,0.0,0.0,Qwen,0.3351787406321924,0.05982900135725723,0.59,0.135,-0.45499999999999996,BM25,False,0.2863034985668585,0.36214544635905904,0.23166666666666666,0.9266666666666666,0.695,Qwen,True
mteb/ClimateFEVER_test_top_250_only_w_correct-v2::2136,code_switched,0.0,0.0,Qwen,0.45505891510593044,0.08363738810512972,0.7566666666666667,0.18,-0.5766666666666667,BM25,False,0.2715465254752253,0.31565835711893914,0.04833333333333333,0.5066666666666667,0.45833333333333337,Qwen,True
mteb/ClimateFEVER_test_top_250_only_w_correct-v2::214,code_switched,0.0,0.0,Qwen,0.5051219761989129,0.14577282104204575,0.8316666666666667,0.3,-0.5316666666666667,BM25,False,0.2758136646668969,0.3426697930586175,0.08833333333333333,0.8066666666666666,0.7183333333333333,Qwen,True
mteb/ClimateFEVER_test_top_250_only_w_correct-v2::2141,code_switched,0.123151194370365,0.0,BM25,0.3542150300369497,0.042310078362652284,0.6183333333333333,0.08,-0.5383333333333333,BM25,True,0.310282713968196,0.2947689963514562,0.5,0.28,-0.21999999999999997,BM25,True
mteb/ClimateFEVER_test_top_250_only_w_correct-v2::2142,code_switched,0.0,0.0,Qwen,0.1633970212006154,0.08710441509957256,0.2916666666666667,0.185,-0.10666666666666669,BM25,False,0.36053239510145974,0.34006758132059706,0.9133333333333333,0.785,-0.1283333333333333,BM25,False
mteb/ClimateFEVER_test_top_250_only_w_correct-v2::2150,code_switched,0.0,0.38685280723454163,Qwen,0.1364121634264452,0.49376709805281543,0.245,0.86,0.615,Qwen,True,0.35236194666274373,0.29751633862308463,0.8866666666666667,0.305,-0.5816666666666668,BM25,False
mteb/ClimateFEVER_test_top_250_only_w_correct-v2::2152,code_switched,0.3084274278260313,0.23463936301137822,BM25,0.22640428270556476,0.28539449387498944,0.40166666666666667,0.56,0.15833333333333338,Qwen,False,0.31709934672446694,0.3239029163360707,0.57,0.625,0.05500000000000005,Qwen,False
mteb/ClimateFEVER_test_top_250_only_w_correct-v2::2153,code_switched,0.23463936301137822,0.1480409554829326,BM25,0.3080456372491745,0.1307298909663541,0.5366666666666666,0.2783333333333333,-0.2583333333333333,BM25,True,0.31395563684960315,0.3290512328542044,0.5383333333333333,0.6766666666666666,0.1383333333333333,Qwen,False
mteb/ClimateFEVER_test_top_250_only_w_correct-v2::2161,code_switched,0.0,0.0,Qwen,0.16450765730091374,0.09797070971738597,0.3,0.21333333333333335,-0.08666666666666664,BM25,False,0.3730941081488605,0.32390058633972985,0.9583333333333334,0.6233333333333333,-0.3350000000000001,BM25,False
mteb/ClimateFEVER_test_top_250_only_w_correct-v2::2163,code_switched,0.0,0.24630238874073,Qwen,0.18188196382896463,0.25808348457883606,0.3333333333333333,0.52,0.1866666666666667,Qwen,True,0.3205681168567452,0.2931559823342243,0.605,0.26666666666666666,-0.3383333333333333,BM25,False
mteb/ClimateFEVER_test_top_250_only_w_correct-v2::2164,code_switched,0.6260258673782978,0.32531670832675136,BM25,0.28589452567486745,0.1668048535874769,0.49833333333333335,0.3383333333333333,-0.16000000000000003,BM25,True,0.32000960731020234,0.34692807422277105,0.5983333333333334,0.8333333333333334,0.235,Qwen,False
mteb/ClimateFEVER_test_top_250_only_w_correct-v2::2165,code_switched,0.0,0.0,Qwen,0.4314568707167295,0.026806506498662935,0.7216666666666667,0.04833333333333333,-0.6733333333333333,BM25,False,0.274064225460681,0.333806228420125,0.07,0.73,0.6599999999999999,Qwen,True
mteb/ClimateFEVER_test_top_250_only_w_correct-v2::2170,code_switched,0.0,0.15642624200758548,Qwen,0.4868468239162586,0.3169339559172327,0.8,0.6166666666666667,-0.18333333333333335,BM25,False,0.30894278481028886,0.3225159258763496,0.48,0.5983333333333334,0.1183333333333334,Qwen,True
mteb/ClimateFEVER_test_top_250_only_w_correct-v2::2178,code_switched,0.46927872602275644,0.0,BM25,0.14718386047345183,0.650064253876643,0.265,0.9733333333333334,0.7083333333333334,Qwen,False,0.3618243279049305,0.2857272546982299,0.9216666666666666,0.17333333333333334,-0.7483333333333333,BM25,True
mteb/ClimateFEVER_test_top_250_only_w_correct-v2::2181,code_switched,0.0,0.0,Qwen,0.01580066539826304,0.1855378289425082,0.03166666666666667,0.375,0.3433333333333333,Qwen,True,0.31853623640153994,0.3208225237577203,0.5866666666666667,0.5666666666666667,-0.020000000000000018,BM25,False
mteb/ClimateFEVER_test_top_250_only_w_correct-v2::2184,code_switched,0.0,0.19342640361727081,Qwen,0.03875862282301672,0.17709694551621158,0.075,0.3516666666666667,0.27666666666666667,Qwen,True,0.3577914268733601,0.32196151940955875,0.9033333333333333,0.585,-0.31833333333333336,BM25,False
mteb/ClimateFEVER_test_top_250_only_w_correct-v2::2187,code_switched,0.0,0.16812753627111746,Qwen,0.2212706871583326,0.22616200854466662,0.395,0.4666666666666667,0.07166666666666666,Qwen,True,0.34041365013185243,0.3397501825897242,0.815,0.7816666666666666,-0.033333333333333326,BM25,False
mteb/ClimateFEVER_test_top_250_only_w_correct-v2::2193,code_switched,0.0,0.15642624200758548,Qwen,0.08696615050907962,0.11550220905102393,0.14833333333333334,0.24666666666666667,0.09833333333333333,Qwen,True,0.33819153074491576,0.3330385021100575,0.7983333333333333,0.7183333333333334,-0.07999999999999996,BM25,False
mteb/ClimateFEVER_test_top_250_only_w_correct-v2::2201,code_switched,0.20438239758848611,0.38685280723454163,Qwen,0.4806739343842118,0.11357188474566852,0.7833333333333333,0.245,-0.5383333333333333,BM25,False,0.28963397937262303,0.3510618238039578,0.2733333333333333,0.87,0.5966666666666667,Qwen,True
mteb/ClimateFEVER_test_top_250_only_w_correct-v2::2202,code_switched,1.0,1.0,Qwen,0.5325139492915467,0.43773958121837186,0.865,0.7983333333333333,-0.06666666666666665,BM25,False,0.28919266590714265,0.3143946407633075,0.26666666666666666,0.48333333333333334,0.21666666666666667,Qwen,True
mteb/ClimateFEVER_test_top_250_only_w_correct-v2::2206,code_switched,0.0,0.0,Qwen,0.0064213605066519245,0.03117504743824556,0.011666666666666667,0.056666666666666664,0.045,Qwen,True,0.3716174694362104,0.4065685374351944,0.9533333333333334,0.9983333333333333,0.04499999999999993,Qwen,True
mteb/ClimateFEVER_test_top_250_only_w_correct-v2::2208,code_switched,0.0,0.14126697285982898,Qwen,0.1248239282727886,0.2718578067903462,0.21833333333333332,0.5333333333333333,0.315,Qwen,True,0.331444507007345,0.31838761375315344,0.7233333333333334,0.545,-0.17833333333333334,BM25,False
mteb/ClimateFEVER_test_top_250_only_w_correct-v2::2212,code_switched,0.0,0.0,Qwen,0.4558387601751866,0.4493842593424442,0.76,0.82,0.05999999999999994,Qwen,True,0.2959856283419681,0.294957489867861,0.36,0.2833333333333333,-0.07666666666666666,BM25,False
mteb/ClimateFEVER_test_top_250_only_w_correct-v2::2214,code_switched,0.0,0.0,Qwen,0.14346259566427658,0.36594196015290736,0.25833333333333336,0.6916666666666667,0.4333333333333333,Qwen,True,0.3465354939894398,0.3059076230960525,0.8466666666666667,0.38166666666666665,-0.465,BM25,False
mteb/ClimateFEVER_test_top_250_only_w_correct-v2::2223,code_switched,0.0,0.0,Qwen,0.13921584661746841,0.3342434296035296,0.24833333333333332,0.6466666666666666,0.3983333333333333,Qwen,True,0.3396682049597774,0.29746985986916047,0.81,0.3016666666666667,-0.5083333333333333,BM25,False
mteb/ClimateFEVER_test_top_250_only_w_correct-v2::2229,code_switched,0.0,0.0,Qwen,0.35467651263280486,0.40468823317398855,0.62,0.7433333333333333,0.1233333333333333,Qwen,True,0.2986025198934889,0.2996404560886132,0.39,0.32666666666666666,-0.06333333333333335,BM25,False
mteb/ClimateFEVER_test_top_250_only_w_correct-v2::2238,code_switched,0.0,0.0,Qwen,0.3442101098994664,0.27167536541147963,0.5983333333333334,0.53,-0.06833333333333336,BM25,False,0.2935416903130757,0.28942262223607607,0.315,0.215,-0.1,BM25,False
mteb/ClimateFEVER_test_top_250_only_w_correct-v2::2243,code_switched,0.312706129752478,0.5501555404615289,Qwen,0.6306344569935893,0.08861846426173861,0.9516666666666667,0.18833333333333332,-0.7633333333333333,BM25,False,0.2854166096377655,0.3215650016581721,0.21,0.58,0.37,Qwen,True
mteb/ClimateFEVER_test_top_250_only_w_correct-v2::2244,code_switched,0.0,0.3071837157818931,Qwen,0.01562322390705763,0.3121404919521797,0.03,0.61,0.58,Qwen,True,0.37305179863096866,0.32650177391615215,0.9566666666666667,0.655,-0.30166666666666664,BM25,False
mteb/ClimateFEVER_test_top_250_only_w_correct-v2::2246,code_switched,0.46927872602275644,0.2960819109658652,BM25,0.21363919452767657,0.3963891160485704,0.3883333333333333,0.7333333333333333,0.345,Qwen,False,0.3266726885981343,0.32276169162156065,0.6733333333333333,0.605,-0.06833333333333336,BM25,True
mteb/ClimateFEVER_test_top_250_only_w_correct-v2::2248,code_switched,0.5,1.0,Qwen,0.11691359490875712,0.9101105736189766,0.205,1.0,0.795,Qwen,True,0.32722690586064057,0.2898715069522182,0.6816666666666666,0.225,-0.45666666666666667,BM25,False
mteb/ClimateFEVER_test_top_250_only_w_correct-v2::2260,code_switched,0.0,0.0,Qwen,0.26876017027012594,0.44935735151270456,0.48,0.8183333333333334,0.3383333333333334,Qwen,True,0.30616060449199295,0.2867524545769047,0.44333333333333336,0.18833333333333332,-0.255,BM25,False
mteb/ClimateFEVER_test_top_250_only_w_correct-v2::2261,code_switched,0.0,0.38685280723454163,Qwen,0.3036980544633572,0.21955106398086155,0.5266666666666666,0.4533333333333333,-0.0733333333333333,BM25,False,0.3228787587876031,0.3443704692930865,0.63,0.8216666666666667,0.19166666666666665,Qwen,True
mteb/ClimateFEVER_test_top_250_only_w_correct-v2::2263,code_switched,0.24630238874073,0.24630238874073,Qwen,0.18323418218347662,0.2975561378985044,0.34,0.5816666666666667,0.24166666666666664,Qwen,True,0.31327727068520933,0.32744357853250433,0.5233333333333333,0.6633333333333333,0.14,Qwen,True
mteb/ClimateFEVER_test_top_250_only_w_correct-v2::2267,code_switched,0.0,0.0,Qwen,0.2517311083232177,0.12913471754927625,0.44666666666666666,0.275,-0.17166666666666663,BM25,False,0.3389638810038126,0.3410908890627423,0.805,0.7966666666666666,-0.008333333333333415,BM25,False
mteb/ClimateFEVER_test_top_250_only_w_correct-v2::2275,code_switched,0.0,0.0,Qwen,0.13607904460822723,0.287494811465196,0.24166666666666667,0.5633333333333334,0.32166666666666666,Qwen,True,0.3371845264240197,0.30704244433368444,0.7866666666666666,0.395,-0.3916666666666666,BM25,False
mteb/ClimateFEVER_test_top_250_only_w_correct-v2::2283,code_switched,0.0,0.0,Qwen,0.6905187727331781,0.5793832287295626,0.975,0.93,-0.04499999999999993,BM25,False,0.2850161408200369,0.28427852816096216,0.19833333333333333,0.15833333333333333,-0.04000000000000001,BM25,False
mteb/ClimateFEVER_test_top_250_only_w_correct-v2::2293,code_switched,1.0,0.3333333333333333,BM25,0.39844191277508295,0.6104022247949328,0.68,0.9516666666666667,0.2716666666666666,Qwen,False,0.2531969230608896,0.2782464662101332,0.0016666666666666668,0.07833333333333334,0.07666666666666667,Qwen,False
mteb/ClimateFEVER_test_top_250_only_w_correct-v2::2302,code_switched,0.23719771276929622,0.0,BM25,0.22545178930582627,0.048461471533234476,0.4,0.105,-0.29500000000000004,BM25,True,0.30368887900486013,0.3387896511198835,0.43,0.775,0.34500000000000003,Qwen,False
mteb/ClimateFEVER_test_top_250_only_w_correct-v2::2305,code_switched,0.0,0.0,Qwen,0.4473490717467452,0.15351361921127485,0.7433333333333333,0.31166666666666665,-0.43166666666666664,BM25,False,0.28214511407343784,0.3526883843313612,0.16,0.88,0.72,Qwen,True
mteb/ClimateFEVER_test_top_250_only_w_correct-v2::2308,code_switched,0.0,0.16958010263680806,Qwen,0.35968090709830414,0.035330795120585026,0.6216666666666667,0.06333333333333334,-0.5583333333333333,BM25,False,0.2734431332224194,0.3573289877921699,0.065,0.9016666666666666,0.8366666666666667,Qwen,True
mteb/ClimateFEVER_test_top_250_only_w_correct-v2::2317,code_switched,0.0,1.0,Qwen,0.21950470095078967,0.3617355642662571,0.39166666666666666,0.6866666666666666,0.295,Qwen,True,0.30914673536331067,0.3167160353084791,0.4866666666666667,0.525,0.03833333333333333,Qwen,True
mteb/ClimateFEVER_test_top_250_only_w_correct-v2::2320,code_switched,1.0,1.0,Qwen,0.5739251774464791,0.6412200293353011,0.9083333333333333,0.9666666666666667,0.05833333333333335,Qwen,True,0.2842932735560497,0.2666787652870037,0.18833333333333332,0.018333333333333333,-0.16999999999999998,BM25,False
mteb/ClimateFEVER_test_top_250_only_w_correct-v2::2329,code_switched,0.3333333333333333,0.6309297535714575,Qwen,0.17517293079615814,0.044820822257082615,0.31833333333333336,0.09,-0.22833333333333336,BM25,False,0.32994301598718595,0.36021798388899656,0.7083333333333334,0.9116666666666666,0.20333333333333325,Qwen,True
mteb/ClimateFEVER_test_top_250_only_w_correct-v2::2335,code_switched,0.0,0.49818925746641285,Qwen,0.17305103147903073,0.18715513936117423,0.31166666666666665,0.37833333333333335,0.06666666666666671,Qwen,True,0.31738168946210465,0.3161501914389107,0.5766666666666667,0.515,-0.06166666666666665,BM25,False
mteb/ClimateFEVER_test_top_250_only_w_correct-v2::2338,code_switched,0.0,0.3903800499921017,Qwen,0.34508288817066834,0.4208635850826385,0.6,0.775,0.17500000000000004,Qwen,True,0.31331767282640144,0.3032858992104894,0.525,0.355,-0.17000000000000004,BM25,False
mteb/ClimateFEVER_test_top_250_only_w_correct-v2::2347,code_switched,0.0,0.0,Qwen,0.02358865583295123,0.5616229179641957,0.04666666666666667,0.92,0.8733333333333334,Qwen,True,0.3388764391840867,0.28991849839183276,0.8033333333333333,0.22666666666666666,-0.5766666666666667,BM25,False
mteb/ClimateFEVER_test_top_250_only_w_correct-v2::2358,code_switched,0.0,0.8772153153380493,Qwen,0.5099963565606107,0.3966577098777425,0.835,0.735,-0.09999999999999998,BM25,False,0.27118485591095615,0.29152115896198133,0.045,0.255,0.21000000000000002,Qwen,True
mteb/ClimateFEVER_test_top_250_only_w_correct-v2::2365,code_switched,0.0,0.0,Qwen,0.5025863180113723,0.2247190189141736,0.8283333333333334,0.4633333333333333,-0.36500000000000005,BM25,False,0.2749729998282252,0.33097251878875544,0.08333333333333333,0.7033333333333334,0.62,Qwen,True
mteb/ClimateFEVER_test_top_250_only_w_correct-v2::2370,code_switched,0.0,0.0,Qwen,0.5597225472800976,0.27405814143024454,0.89,0.5416666666666666,-0.3483333333333334,BM25,False,0.287053287587505,0.32736433479066424,0.24333333333333335,0.6616666666666666,0.4183333333333333,Qwen,True
mteb/ClimateFEVER_test_top_250_only_w_correct-v2::2374,code_switched,0.0,0.0,Qwen,0.19805099938110213,0.45891627563495335,0.36833333333333335,0.8316666666666667,0.4633333333333333,Qwen,True,0.3370484576400987,0.2804006581037688,0.785,0.09333333333333334,-0.6916666666666667,BM25,False
mteb/ClimateFEVER_test_top_250_only_w_correct-v2::2377,code_switched,0.0,0.23719771276929622,Qwen,0.5692996431828762,0.8214708829713971,0.9016666666666666,0.995,0.09333333333333338,Qwen,True,0.2891252465181136,0.27477169530951695,0.2633333333333333,0.065,-0.1983333333333333,BM25,False
mteb/ClimateFEVER_test_top_250_only_w_correct-v2::2384,code_switched,0.0,0.0,Qwen,0.4193901504030681,0.16642790915098332,0.7083333333333334,0.33666666666666667,-0.3716666666666667,BM25,False,0.33248853181188415,0.3253985424721612,0.7383333333333333,0.6366666666666667,-0.10166666666666657,BM25,False
mteb/ClimateFEVER_test_top_250_only_w_correct-v2::2387,code_switched,0.11751610475642714,0.3903800499921017,Qwen,0.02239272233492864,0.5117478645243113,0.045,0.885,0.84,Qwen,True,0.324446897073694,0.29333496699475503,0.6466666666666666,0.27166666666666667,-0.37499999999999994,BM25,False
mteb/ClimateFEVER_test_top_250_only_w_correct-v2::2396,code_switched,0.1480409554829326,0.0,BM25,0.6283132389129105,0.6087332342207148,0.95,0.9483333333333334,-0.0016666666666665941,BM25,True,0.2782676756087925,0.26982603559555274,0.10666666666666667,0.03333333333333333,-0.07333333333333333,BM25,True
mteb/ClimateFEVER_test_top_250_only_w_correct-v2::2400,code_switched,0.0,0.0,Qwen,0.44594740558586204,0.2730871319520137,0.7416666666666667,0.5383333333333333,-0.20333333333333337,BM25,False,0.29459554563513507,0.3177107624869911,0.335,0.54,0.20500000000000002,Qwen,True
mteb/ClimateFEVER_test_top_250_only_w_correct-v2::2409,code_switched,0.0,0.6713860725233041,Qwen,0.6189438587090742,0.3374941568328766,0.9466666666666667,0.6516666666666666,-0.29500000000000004,BM25,False,0.2811100661284412,0.32479011448097167,0.14333333333333334,0.6333333333333333,0.49,Qwen,True
mteb/ClimateFEVER_test_top_250_only_w_correct-v2::2410,code_switched,0.0,0.15642624200758548,Qwen,0.3113689527341727,0.19466531732754658,0.5416666666666666,0.39166666666666666,-0.14999999999999997,BM25,False,0.2870773324028567,0.26891293452146614,0.24666666666666667,0.025,-0.22166666666666668,BM25,False
mteb/ClimateFEVER_test_top_250_only_w_correct-v2::2411,code_switched,0.0,0.0,Qwen,0.29093818112785375,0.13792185140861196,0.5016666666666667,0.28833333333333333,-0.21333333333333337,BM25,False,0.3321251140253074,0.3198043323528268,0.7316666666666667,0.5583333333333333,-0.17333333333333334,BM25,False
mteb/ClimateFEVER_test_top_250_only_w_correct-v2::2413,code_switched,0.0,0.0,Qwen,0.4027464697335109,0.04193361820444737,0.6866666666666666,0.07833333333333334,-0.6083333333333333,BM25,False,0.30135738277948587,0.3366039689772834,0.4166666666666667,0.7666666666666667,0.35000000000000003,Qwen,True
mteb/ClimateFEVER_test_top_250_only_w_correct-v2::2422,code_switched,0.0,0.0,Qwen,0.14708234009577323,0.4201827383421091,0.2633333333333333,0.7733333333333333,0.51,Qwen,True,0.33276593948971867,0.3109208317012376,0.7416666666666667,0.44,-0.3016666666666667,BM25,False
mteb/ClimateFEVER_test_top_250_only_w_correct-v2::2423,code_switched,0.6049306994552042,0.23463936301137822,BM25,0.14967241487082206,0.014345730493361348,0.275,0.025,-0.25,BM25,True,0.33292429366960125,0.37983516797229244,0.745,0.98,0.235,Qwen,False
mteb/ClimateFEVER_test_top_250_only_w_correct-v2::2427,code_switched,0.0,0.2856436410275446,Qwen,0.6584553302486055,0.19937997563509824,0.9633333333333334,0.405,-0.5583333333333333,BM25,False,0.2803253213919698,0.32808897915243157,0.13333333333333333,0.6683333333333333,0.535,Qwen,True
mteb/ClimateFEVER_test_top_250_only_w_correct-v2::2428,code_switched,0.0,0.24630238874073,Qwen,0.16578907519062366,0.13968727608189027,0.30333333333333334,0.2916666666666667,-0.011666666666666659,BM25,False,0.33826540527054294,0.3216640261382296,0.8,0.5816666666666667,-0.21833333333333338,BM25,False
mteb/ClimateFEVER_test_top_250_only_w_correct-v2::2441,code_switched,0.0,0.0,Qwen,0.09400678859109025,0.735439943231822,0.155,0.9916666666666667,0.8366666666666667,Qwen,True,0.36730026035963326,0.2884908059502214,0.94,0.21,-0.73,BM25,False
mteb/ClimateFEVER_test_top_250_only_w_correct-v2::2445,code_switched,0.0,0.11284514134893527,Qwen,0.26823929864632257,0.18407852072653122,0.47833333333333333,0.36833333333333335,-0.10999999999999999,BM25,False,0.34198022223024044,0.3206584432766499,0.83,0.5633333333333334,-0.2666666666666666,BM25,False
mteb/ClimateFEVER_test_top_250_only_w_correct-v2::2457,code_switched,0.0,0.0,Qwen,0.7415905910706109,0.6698375276882733,0.985,0.9783333333333334,-0.006666666666666599,BM25,False,0.2835929552599613,0.2851388911559792,0.185,0.17,-0.014999999999999986,BM25,False
mteb/ClimateFEVER_test_top_250_only_w_correct-v2::2468,code_switched,0.48247555939075504,0.0,BM25,0.15855958029760941,0.5837058764912514,0.29,0.9316666666666666,0.6416666666666666,Qwen,False,0.3381259798505377,0.2924680495877897,0.7966666666666666,0.26,-0.5366666666666666,BM25,True
mteb/ClimateFEVER_test_top_250_only_w_correct-v2::2474,code_switched,0.0,0.0,Qwen,0.03958876581538797,0.00879093334255213,0.07666666666666666,0.018333333333333333,-0.05833333333333333,BM25,False,0.3489622254951384,0.38472278335277277,0.865,0.99,0.125,Qwen,True
mteb/ClimateFEVER_test_top_250_only_w_correct-v2::248,code_switched,0.0,0.43067655807339306,Qwen,0.4006999673045094,0.053159464839486276,0.685,0.12333333333333334,-0.5616666666666668,BM25,False,0.31610329448168023,0.36270217836026414,0.5583333333333333,0.9316666666666666,0.3733333333333333,Qwen,True
mteb/ClimateFEVER_test_top_250_only_w_correct-v2::2485,code_switched,0.0,0.0,Qwen,0.4528993041916042,0.24245422935998645,0.7533333333333333,0.48833333333333334,-0.26499999999999996,BM25,False,0.25678787922791474,0.3212393457965385,0.008333333333333333,0.575,0.5666666666666667,Qwen,True
mteb/ClimateFEVER_test_top_250_only_w_correct-v2::2486,code_switched,0.6713860725233041,0.7653606369886217,Qwen,0.20084420904316228,0.4658896746327583,0.37333333333333335,0.8416666666666667,0.4683333333333333,Qwen,True,0.33581932759859234,0.2835004615941258,0.7716666666666666,0.14166666666666666,-0.6299999999999999,BM25,False
mteb/ClimateFEVER_test_top_250_only_w_correct-v2::2487,code_switched,0.43067655807339306,1.0,Qwen,0.08294451508853286,0.3452465077054291,0.14166666666666666,0.6616666666666666,0.52,Qwen,True,0.35481736165327094,0.3476593105520037,0.8933333333333333,0.84,-0.053333333333333344,BM25,False
mteb/ClimateFEVER_test_top_250_only_w_correct-v2::2489,code_switched,0.0,0.0,Qwen,0.6130627540406106,0.555348562755731,0.945,0.9133333333333333,-0.03166666666666662,BM25,False,0.2747255328791807,0.27868148056834113,0.08,0.08166666666666667,0.0016666666666666635,Qwen,True
mteb/ClimateFEVER_test_top_250_only_w_correct-v2::2493,code_switched,0.18457569677956817,0.0,BM25,0.33279601454522956,0.573495546696345,0.5816666666666667,0.9266666666666666,0.345,Qwen,False,0.29693027585719123,0.27353420335664314,0.36833333333333335,0.06,-0.30833333333333335,BM25,True
mteb/ClimateFEVER_test_top_250_only_w_correct-v2::2499,code_switched,0.23463936301137822,0.2960819109658652,Qwen,0.3318596214126814,0.17861769364762872,0.58,0.355,-0.22499999999999998,BM25,False,0.3182990353941164,0.2977946648534482,0.5833333333333334,0.31,-0.2733333333333334,BM25,False
mteb/ClimateFEVER_test_top_250_only_w_correct-v2::250,code_switched,0.0,0.0,Qwen,0.593174473158425,0.07960374297099455,0.9216666666666666,0.16333333333333333,-0.7583333333333333,BM25,False,0.27687690012165517,0.30992470384757054,0.09666666666666666,0.42333333333333334,0.32666666666666666,Qwen,True
mteb/ClimateFEVER_test_top_250_only_w_correct-v2::2500,code_switched,0.0,0.0,Qwen,0.5933181072063554,0.25160919037311696,0.9233333333333333,0.5083333333333333,-0.41500000000000004,BM25,False,0.27706056021434455,0.313868339004799,0.09833333333333333,0.4683333333333333,0.37,Qwen,True
mteb/ClimateFEVER_test_top_250_only_w_correct-v2::2521,code_switched,0.0,0.0,Qwen,0.00541958135608806,0.1300023233889956,0.008333333333333333,0.27666666666666667,0.2683333333333333,Qwen,True,0.36318724861778867,0.3626994990527041,0.93,0.93,0.0,Qwen,True
mteb/ClimateFEVER_test_top_250_only_w_correct-v2::2523,code_switched,0.23463936301137822,0.2960819109658652,Qwen,0.06974418493033335,0.2774169552740239,0.12,0.545,0.42500000000000004,Qwen,True,0.35190155020501274,0.3080077558136032,0.885,0.405,-0.48,BM25,False
mteb/ClimateFEVER_test_top_250_only_w_correct-v2::2538,code_switched,0.0,0.0,Qwen,0.045164756016227936,0.5869575200541618,0.085,0.9333333333333333,0.8483333333333334,Qwen,True,0.36076340331849,0.25956360824813823,0.915,0.01,-0.905,BM25,False
mteb/ClimateFEVER_test_top_250_only_w_correct-v2::2539,code_switched,0.0,0.2960819109658652,Qwen,0.25497219326977183,0.08037289258665255,0.45,0.16666666666666666,-0.2833333333333333,BM25,False,0.3208537488802381,0.34335031501565805,0.6133333333333333,0.815,0.20166666666666666,Qwen,True
mteb/ClimateFEVER_test_top_250_only_w_correct-v2::254,code_switched,0.43067655807339306,0.0,BM25,0.39679274351260413,0.2065202846992476,0.6766666666666666,0.4166666666666667,-0.25999999999999995,BM25,True,0.3065862627888725,0.277689971141047,0.45,0.07333333333333333,-0.3766666666666667,BM25,True
mteb/ClimateFEVER_test_top_250_only_w_correct-v2::2542,code_switched,0.0,0.0,Qwen,0.09805508123626323,0.047526089624313456,0.16166666666666665,0.1,-0.06166666666666665,BM25,False,0.36599306001390325,0.3364122631038502,0.9366666666666666,0.765,-0.17166666666666663,BM25,False
mteb/ClimateFEVER_test_top_250_only_w_correct-v2::2553,code_switched,0.0,0.0,Qwen,0.34730565212158493,0.19712951669521625,0.605,0.39666666666666667,-0.20833333333333331,BM25,False,0.3077889614312645,0.283478886444488,0.4666666666666667,0.14,-0.32666666666666666,BM25,False
mteb/ClimateFEVER_test_top_250_only_w_correct-v2::2560,code_switched,0.0,0.0,Qwen,0.6966396564785495,0.18138652853392703,0.9783333333333334,0.36,-0.6183333333333334,BM25,False,0.2849322524779438,0.3613570593006966,0.195,0.9183333333333333,0.7233333333333334,Qwen,True
mteb/ClimateFEVER_test_top_250_only_w_correct-v2::2561,code_switched,0.4776237035032179,0.46927872602275644,BM25,0.04307825267315872,0.33409977772645494,0.07833333333333334,0.645,0.5666666666666667,Qwen,False,0.31752859922610044,0.29103431507739197,0.5783333333333334,0.24333333333333335,-0.335,BM25,True
mteb/ClimateFEVER_test_top_250_only_w_correct-v2::2562,code_switched,0.0,0.6309297535714575,Qwen,0.7627803224351342,0.3141828491628984,0.9916666666666667,0.6133333333333333,-0.3783333333333334,BM25,False,0.28527805468508505,0.3222035174686194,0.20333333333333334,0.5933333333333334,0.39,Qwen,True
mteb/ClimateFEVER_test_top_250_only_w_correct-v2::2568,code_switched,0.0,0.0,Qwen,0.17104878267570509,0.4196508511930579,0.30833333333333335,0.7683333333333333,0.45999999999999996,Qwen,True,0.36981956466177707,0.3151950837311395,0.9483333333333334,0.49833333333333335,-0.45,BM25,False
mteb/ClimateFEVER_test_top_250_only_w_correct-v2::2571,code_switched,0.0,0.0,Qwen,0.43541844038834066,0.20729657133761037,0.7283333333333334,0.41833333333333333,-0.31000000000000005,BM25,False,0.29348098427355507,0.3182117117175148,0.31333333333333335,0.5433333333333333,0.22999999999999998,Qwen,True
mteb/ClimateFEVER_test_top_250_only_w_correct-v2::2577,code_switched,0.16716045496620227,0.0,BM25,0.17397849666619247,0.5450560661076704,0.31333333333333335,0.9066666666666666,0.5933333333333333,Qwen,False,0.3293110924866086,0.290156598152813,0.7016666666666667,0.23166666666666666,-0.47,BM25,True
mteb/ClimateFEVER_test_top_250_only_w_correct-v2::2579,code_switched,0.46927872602275644,0.6364391809889587,Qwen,0.23212020674416636,0.4643505743231641,0.41,0.835,0.425,Qwen,True,0.2985301153254046,0.28795799508947634,0.3883333333333333,0.20666666666666667,-0.18166666666666664,BM25,False
mteb/ClimateFEVER_test_top_250_only_w_correct-v2::2587,code_switched,0.0,0.38364913903790027,Qwen,0.6785330057952577,0.3421336774370917,0.9733333333333334,0.6583333333333333,-0.31500000000000006,BM25,False,0.27938474929619445,0.2836772299743461,0.11833333333333333,0.145,0.026666666666666658,Qwen,True
mteb/ClimateFEVER_test_top_250_only_w_correct-v2::2588,code_switched,0.0,0.0,Qwen,0.38341263012416954,0.8603015162000617,0.6566666666666666,0.9983333333333333,0.3416666666666667,Qwen,True,0.2972648861926702,0.281117818570213,0.37333333333333335,0.10333333333333333,-0.27,BM25,False
mteb/ClimateFEVER_test_top_250_only_w_correct-v2::2590,code_switched,0.0,0.0,Qwen,0.1468542863934278,0.00025059885754853754,0.26166666666666666,0.0016666666666666668,-0.26,BM25,False,0.3322559090388661,0.36885257702077345,0.735,0.9566666666666667,0.22166666666666668,Qwen,True
mteb/ClimateFEVER_test_top_250_only_w_correct-v2::2600,code_switched,0.0,0.0,Qwen,0.0029810806864462363,0.17270315573941758,0.0033333333333333335,0.3433333333333333,0.33999999999999997,Qwen,True,0.3986469390764081,0.34391566764648873,0.9883333333333333,0.8183333333333334,-0.16999999999999993,BM25,False
mteb/ClimateFEVER_test_top_250_only_w_correct-v2::2603,code_switched,0.3065735963827292,0.3065735963827292,Qwen,0.3152918432330928,0.12897397840319655,0.5483333333333333,0.2733333333333333,-0.275,BM25,False,0.3222411800481389,0.36372658178012046,0.625,0.9383333333333334,0.31333333333333335,Qwen,True
mteb/ClimateFEVER_test_top_250_only_w_correct-v2::2608,code_switched,0.0,0.34620964322385606,Qwen,0.5209363249982881,0.04244590585662063,0.85,0.08166666666666667,-0.7683333333333333,BM25,False,0.28434054838709877,0.40748858241774827,0.19166666666666668,1.0,0.8083333333333333,Qwen,True
mteb/ClimateFEVER_test_top_250_only_w_correct-v2::2613,code_switched,0.0,0.3065735963827292,Qwen,0.20504702224713678,0.24939551027753343,0.37833333333333335,0.5033333333333333,0.12499999999999994,Qwen,True,0.30576191088474264,0.29108251619725195,0.44,0.245,-0.195,BM25,False
mteb/ClimateFEVER_test_top_250_only_w_correct-v2::2618,code_switched,0.0,0.0,Qwen,0.5897375043131527,0.05891583394185598,0.9183333333333333,0.13333333333333333,-0.785,BM25,False,0.2896505860937858,0.3687853251717965,0.27666666666666667,0.955,0.6783333333333332,Qwen,True
mteb/ClimateFEVER_test_top_250_only_w_correct-v2::2623,code_switched,0.3071837157818931,0.24630238874073,BM25,0.0995854666796396,0.44307755634212753,0.16833333333333333,0.81,0.6416666666666667,Qwen,False,0.3483414670409675,0.28707769715089326,0.8566666666666667,0.19333333333333333,-0.6633333333333333,BM25,True
mteb/ClimateFEVER_test_top_250_only_w_correct-v2::2630,code_switched,0.48381288316677695,0.0,BM25,0.210252887750937,0.3018349154805367,0.38333333333333336,0.5883333333333334,0.20500000000000002,Qwen,False,0.32370924340882345,0.31399752510709455,0.635,0.47,-0.16500000000000004,BM25,True
mteb/ClimateFEVER_test_top_250_only_w_correct-v2::2643,code_switched,0.0,0.0,Qwen,0.07018729738673053,0.28805514711181146,0.12166666666666667,0.5666666666666667,0.44499999999999995,Qwen,True,0.32948930854228314,0.2907243970752119,0.705,0.23833333333333334,-0.4666666666666666,BM25,False
mteb/ClimateFEVER_test_top_250_only_w_correct-v2::2650,code_switched,0.23463936301137822,0.0,BM25,0.665951462894801,0.5569103524740523,0.97,0.9183333333333333,-0.05166666666666664,BM25,True,0.28627930896015585,0.26648117072045824,0.23,0.016666666666666666,-0.21333333333333335,BM25,True
mteb/ClimateFEVER_test_top_250_only_w_correct-v2::2664,code_switched,0.0,0.0,Qwen,0.44525064117098334,0.012661488596467877,0.74,0.023333333333333334,-0.7166666666666667,BM25,False,0.2930431143566998,0.38155900492431927,0.30833333333333335,0.9866666666666667,0.6783333333333333,Qwen,True
mteb/ClimateFEVER_test_top_250_only_w_correct-v2::2666,code_switched,0.14606834984270645,0.1208113026994942,BM25,0.33515380079562007,0.14930344801453474,0.5883333333333334,0.30833333333333335,-0.28,BM25,True,0.313513160479894,0.31586916722810704,0.5333333333333333,0.5083333333333333,-0.025000000000000022,BM25,True
mteb/ClimateFEVER_test_top_250_only_w_correct-v2::2668,code_switched,0.0,0.0,Qwen,0.13302367748246108,0.017298267745927277,0.24,0.03666666666666667,-0.2033333333333333,BM25,False,0.33633457986704784,0.3348494500429277,0.78,0.7433333333333333,-0.036666666666666736,BM25,False
mteb/ClimateFEVER_test_top_250_only_w_correct-v2::2671,code_switched,0.0,0.0,Qwen,0.27366576830388667,0.4200252978252318,0.4866666666666667,0.7716666666666666,0.2849999999999999,Qwen,True,0.32571655256646076,0.2964248557202226,0.665,0.29333333333333333,-0.3716666666666667,BM25,False
mteb/ClimateFEVER_test_top_250_only_w_correct-v2::2679,code_switched,0.2960819109658652,0.2960819109658652,Qwen,0.48164954182065395,0.4556972339669868,0.7883333333333333,0.8283333333333334,0.040000000000000036,Qwen,True,0.27683471899358686,0.29905937611480665,0.095,0.31833333333333336,0.22333333333333336,Qwen,True
mteb/ClimateFEVER_test_top_250_only_w_correct-v2::268,code_switched,0.16812753627111746,0.0,BM25,0.3051068375010761,0.2783813470007361,0.53,0.5466666666666666,0.016666666666666607,Qwen,False,0.3090484675655218,0.3153303488509704,0.48333333333333334,0.5016666666666667,0.018333333333333368,Qwen,False
mteb/ClimateFEVER_test_top_250_only_w_correct-v2::2687,code_switched,0.0,0.0,Qwen,0.11763479482737547,0.47891557940563856,0.20666666666666667,0.8483333333333334,0.6416666666666667,Qwen,True,0.3540768017816736,0.26300916008324676,0.8916666666666667,0.013333333333333334,-0.8783333333333334,BM25,False
mteb/ClimateFEVER_test_top_250_only_w_correct-v2::2693,code_switched,0.14126697285982898,0.3044671974905181,Qwen,0.18444659703985533,0.43666792084740313,0.34833333333333333,0.7933333333333333,0.445,Qwen,True,0.28531295201648316,0.3101839313526088,0.205,0.43,0.225,Qwen,True
mteb/ClimateFEVER_test_top_250_only_w_correct-v2::2698,code_switched,0.0,0.0,Qwen,0.24240310117725575,0.16305380294587585,0.425,0.33,-0.09499999999999997,BM25,False,0.3133946300786761,0.32073109679390766,0.5266666666666666,0.565,0.03833333333333333,Qwen,True
mteb/ClimateFEVER_test_top_250_only_w_correct-v2::27,code_switched,0.0,0.0,Qwen,0.41250931939267654,0.4065527967828496,0.7016666666666667,0.745,0.043333333333333335,Qwen,True,0.2941827202837831,0.28341680607782394,0.325,0.13833333333333334,-0.18666666666666668,BM25,False
mteb/ClimateFEVER_test_top_250_only_w_correct-v2::2702,code_switched,0.369453583111095,0.13012668333070054,BM25,0.13622620144797676,0.01822001660215557,0.24333333333333335,0.04,-0.20333333333333334,BM25,True,0.3360793307390659,0.33051648190290217,0.7766666666666666,0.6933333333333334,-0.08333333333333326,BM25,True
mteb/ClimateFEVER_test_top_250_only_w_correct-v2::2704,code_switched,0.0,0.16812753627111746,Qwen,0.26284031208299835,0.2438608809309827,0.46,0.49,0.02999999999999997,Qwen,True,0.2869499110174729,0.3081934802478929,0.24,0.4066666666666667,0.16666666666666669,Qwen,True
mteb/ClimateFEVER_test_top_250_only_w_correct-v2::2706,code_switched,0.0,0.0,Qwen,0.16429050769345205,0.24494430748393853,0.2966666666666667,0.49666666666666665,0.19999999999999996,Qwen,True,0.3075727351208138,0.35241117056010296,0.4633333333333333,0.8766666666666667,0.4133333333333334,Qwen,True
mteb/ClimateFEVER_test_top_250_only_w_correct-v2::2707,code_switched,0.0,0.0,Qwen,0.17665414664491647,0.3395469711084968,0.3233333333333333,0.655,0.3316666666666667,Qwen,True,0.3552764131037942,0.34117653464710157,0.8983333333333333,0.7983333333333333,-0.09999999999999998,BM25,False
mteb/ClimateFEVER_test_top_250_only_w_correct-v2::2709,code_switched,0.23463936301137822,0.18154179253735267,BM25,0.027760628565878562,0.43772319702467366,0.055,0.7966666666666666,0.7416666666666666,Qwen,False,0.3481715003634014,0.2823982997223196,0.855,0.12,-0.735,BM25,True
mteb/ClimateFEVER_test_top_250_only_w_correct-v2::272,code_switched,0.0,0.38685280723454163,Qwen,0.5008589531631412,0.02703053496339886,0.825,0.05,-0.7749999999999999,BM25,False,0.28552021762475455,0.3883109839748974,0.215,0.9933333333333333,0.7783333333333333,Qwen,True
mteb/ClimateFEVER_test_top_250_only_w_correct-v2::2735,code_switched,0.0,0.0,Qwen,0.20135990622731237,0.4337178890501475,0.375,0.79,0.41500000000000004,Qwen,True,0.3704328251340222,0.3115156370647703,0.95,0.455,-0.49499999999999994,BM25,False
mteb/ClimateFEVER_test_top_250_only_w_correct-v2::2736,code_switched,0.0,0.0,Qwen,0.4611214447760478,0.10547133061616486,0.7666666666666667,0.22166666666666668,-0.545,BM25,False,0.28735777116104216,0.34647143253457613,0.24833333333333332,0.8316666666666667,0.5833333333333334,Qwen,True
mteb/ClimateFEVER_test_top_250_only_w_correct-v2::2741,code_switched,0.0,0.0,Qwen,0.2515166107176145,0.3718217471302458,0.44333333333333336,0.6983333333333334,0.255,Qwen,True,0.2895708379504526,0.28328942531129586,0.2683333333333333,0.135,-0.1333333333333333,BM25,False
mteb/ClimateFEVER_test_top_250_only_w_correct-v2::275,code_switched,0.0,0.0,Qwen,0.2664173277850535,0.4103028834063654,0.4716666666666667,0.75,0.2783333333333333,Qwen,True,0.3148383740016458,0.28712026024595094,0.545,0.195,-0.35000000000000003,BM25,False
mteb/ClimateFEVER_test_top_250_only_w_correct-v2::2754,code_switched,0.0,0.0,Qwen,0.25748732673185437,0.12765785876470898,0.45166666666666666,0.2683333333333333,-0.18333333333333335,BM25,False,0.32436047642703564,0.34875526946140406,0.645,0.85,0.20499999999999996,Qwen,True
mteb/ClimateFEVER_test_top_250_only_w_correct-v2::2755,code_switched,0.0,0.0,Qwen,0.03217774553636741,0.5069965330022671,0.06333333333333334,0.8783333333333333,0.815,Qwen,True,0.3441543937913917,0.2880787914572994,0.8416666666666667,0.20833333333333334,-0.6333333333333333,BM25,False
mteb/ClimateFEVER_test_top_250_only_w_correct-v2::2763,code_switched,0.1480409554829326,0.23463936301137822,Qwen,0.3308786547255416,0.08274724009390932,0.575,0.175,-0.39999999999999997,BM25,False,0.33089614374909393,0.3492240436330458,0.72,0.8533333333333334,0.13333333333333341,Qwen,True
mteb/ClimateFEVER_test_top_250_only_w_correct-v2::2768,code_switched,0.3065735963827292,0.6131471927654584,Qwen,0.4868303234666873,0.1245421865052409,0.7983333333333333,0.26166666666666666,-0.5366666666666666,BM25,False,0.2931137114718524,0.35474876641986675,0.31,0.885,0.575,Qwen,True
mteb/ClimateFEVER_test_top_250_only_w_correct-v2::2773,code_switched,0.46927872602275644,0.4441228664487979,BM25,0.19236096822521556,0.09231414065123592,0.365,0.195,-0.16999999999999998,BM25,True,0.36422832034362274,0.3118445690508322,0.935,0.4583333333333333,-0.47666666666666674,BM25,True
mteb/ClimateFEVER_test_top_250_only_w_correct-v2::2780,code_switched,0.5,1.0,Qwen,0.010115365298869142,0.17563067682306158,0.023333333333333334,0.34833333333333333,0.325,Qwen,True,0.40587620453655027,0.3222582149626815,0.9983333333333333,0.595,-0.4033333333333333,BM25,False
mteb/ClimateFEVER_test_top_250_only_w_correct-v2::2782,code_switched,0.0,0.0,Qwen,0.32427474524421607,0.1470069849678296,0.56,0.3016666666666667,-0.25833333333333336,BM25,False,0.316378237467165,0.3452173928792217,0.565,0.825,0.26,Qwen,True
mteb/ClimateFEVER_test_top_250_only_w_correct-v2::2790,code_switched,0.0,0.0,Qwen,0.3833683422840279,0.4452712882994784,0.655,0.8116666666666666,0.15666666666666662,Qwen,True,0.3047544630203449,0.3039929213310343,0.43166666666666664,0.36333333333333334,-0.0683333333333333,BM25,False
mteb/ClimateFEVER_test_top_250_only_w_correct-v2::2794,code_switched,0.0,0.0,Qwen,0.7475596834530163,0.3819101906539275,0.9866666666666667,0.7133333333333334,-0.2733333333333333,BM25,False,0.28861552147784353,0.2794948634783301,0.25833333333333336,0.085,-0.17333333333333334,BM25,False
mteb/ClimateFEVER_test_top_250_only_w_correct-v2::2798,code_switched,0.19519002499605084,0.0,BM25,0.3889026666723347,0.1890049376117967,0.665,0.38333333333333336,-0.2816666666666667,BM25,True,0.3008257754569652,0.31550240919496775,0.41,0.505,0.09500000000000003,Qwen,False
mteb/ClimateFEVER_test_top_250_only_w_correct-v2::2799,code_switched,0.0,0.0,Qwen,0.48765552980875004,0.2122462950065363,0.8033333333333333,0.43666666666666665,-0.3666666666666667,BM25,False,0.2888156891723551,0.3334110882821094,0.26,0.725,0.46499999999999997,Qwen,True
mteb/ClimateFEVER_test_top_250_only_w_correct-v2::28,code_switched,0.0,0.0,Qwen,0.008405253686358279,0.43112570866757705,0.016666666666666666,0.7883333333333333,0.7716666666666666,Qwen,True,0.34712233131144704,0.2706811019262149,0.8483333333333334,0.04,-0.8083333333333333,BM25,False
mteb/ClimateFEVER_test_top_250_only_w_correct-v2::2800,code_switched,0.0,0.0,Qwen,0.527471899352052,0.29098647274009104,0.86,0.5766666666666667,-0.2833333333333333,BM25,False,0.28321373485736945,0.33088116938255896,0.17833333333333334,0.7016666666666667,0.5233333333333333,Qwen,True
mteb/ClimateFEVER_test_top_250_only_w_correct-v2::281,code_switched,0.0,0.0,Qwen,0.45025171280610876,0.06163811535217524,0.7483333333333333,0.13833333333333334,-0.61,BM25,False,0.2679337397081066,0.36652097478923545,0.035,0.9516666666666667,0.9166666666666666,Qwen,True
mteb/ClimateFEVER_test_top_250_only_w_correct-v2::2818,code_switched,0.0,0.0,Qwen,0.3674643972293047,0.18028305460377475,0.64,0.3566666666666667,-0.2833333333333333,BM25,False,0.29418936833589154,0.35433332391474603,0.32666666666666666,0.8833333333333333,0.5566666666666666,Qwen,True
mteb/ClimateFEVER_test_top_250_only_w_correct-v2::2819,code_switched,0.24630238874073,0.24630238874073,Qwen,0.11820551579224782,0.11855996405359259,0.21,0.25166666666666665,0.04166666666666666,Qwen,True,0.3282242049486634,0.36038237238411436,0.6883333333333334,0.9133333333333333,0.22499999999999998,Qwen,True
mteb/ClimateFEVER_test_top_250_only_w_correct-v2::282,code_switched,0.0,0.0,Qwen,0.04824701522387469,0.010265060870031126,0.09166666666666666,0.021666666666666667,-0.06999999999999999,BM25,False,0.2998820232981082,0.28322224487608344,0.4,0.13333333333333333,-0.2666666666666667,BM25,False
mteb/ClimateFEVER_test_top_250_only_w_correct-v2::2834,code_switched,0.0,0.20210734650054757,Qwen,0.49728780628458286,0.014968048019854149,0.8183333333333334,0.03,-0.7883333333333333,BM25,False,0.2980273931107326,0.33544333448283653,0.38166666666666665,0.7533333333333333,0.37166666666666665,Qwen,True
mteb/ClimateFEVER_test_top_250_only_w_correct-v2::2839,code_switched,0.24630238874073,0.3080351663449861,Qwen,0.489786249026037,0.2947371180784715,0.8066666666666666,0.5783333333333334,-0.22833333333333328,BM25,False,0.3162750098861071,0.31508088603753426,0.5633333333333334,0.495,-0.06833333333333336,BM25,False
mteb/ClimateFEVER_test_top_250_only_w_correct-v2::284,code_switched,0.0,0.0,Qwen,0.17229343635793948,0.22039944886369095,0.31,0.45666666666666667,0.14666666666666667,Qwen,True,0.3389874915963499,0.30691769072884045,0.8083333333333333,0.3933333333333333,-0.41500000000000004,BM25,False
mteb/ClimateFEVER_test_top_250_only_w_correct-v2::2845,code_switched,0.0,0.15642624200758548,Qwen,0.521876094560362,0.08676566542162187,0.8533333333333334,0.18333333333333332,-0.67,BM25,False,0.2741199801907246,0.32388325651309235,0.07166666666666667,0.6216666666666667,0.55,Qwen,True
mteb/ClimateFEVER_test_top_250_only_w_correct-v2::2849,code_switched,0.0,0.18154179253735267,Qwen,0.13144899258779405,0.3001108906918327,0.235,0.5833333333333334,0.3483333333333334,Qwen,True,0.3314298316116402,0.31410575229584936,0.7216666666666667,0.47333333333333333,-0.24833333333333335,BM25,False
mteb/ClimateFEVER_test_top_250_only_w_correct-v2::2853,code_switched,0.46927872602275644,0.6257049680303419,Qwen,0.3266607847767098,0.40690188937096133,0.5666666666666667,0.7466666666666667,0.18000000000000005,Qwen,True,0.3099705646577617,0.28511696799446845,0.495,0.16833333333333333,-0.32666666666666666,BM25,False
mteb/ClimateFEVER_test_top_250_only_w_correct-v2::2869,code_switched,0.46927872602275644,0.4632423659320675,BM25,0.48274614565601937,0.4376879485083265,0.7916666666666666,0.795,0.0033333333333334103,Qwen,False,0.28265990186594947,0.28174304955317775,0.165,0.11166666666666666,-0.053333333333333344,BM25,True
mteb/ClimateFEVER_test_top_250_only_w_correct-v2::2870,code_switched,0.0,0.0,Qwen,0.0993209640397581,0.22696585717358422,0.16666666666666666,0.4716666666666667,0.30500000000000005,Qwen,True,0.33571124634505467,0.3421725770338423,0.77,0.805,0.03500000000000003,Qwen,True
mteb/ClimateFEVER_test_top_250_only_w_correct-v2::2881,code_switched,0.15642624200758548,0.2960819109658652,Qwen,0.12488813611565783,0.006715708895260149,0.22,0.015,-0.20500000000000002,BM25,False,0.3314646905102834,0.3766285378178657,0.725,0.9716666666666667,0.2466666666666667,Qwen,True
mteb/ClimateFEVER_test_top_250_only_w_correct-v2::2887,code_switched,0.0,0.0,Qwen,0.43355182840250117,0.38549024190388403,0.725,0.715,-0.010000000000000009,BM25,False,0.29211593654335893,0.29949665166285444,0.29833333333333334,0.3233333333333333,0.024999999999999967,Qwen,True
mteb/ClimateFEVER_test_top_250_only_w_correct-v2::2888,code_switched,0.0,0.3903800499921017,Qwen,0.5675015793953666,0.36933633150504797,0.9,0.6933333333333334,-0.20666666666666667,BM25,False,0.27294922295256374,0.29573854622504336,0.06,0.28833333333333333,0.22833333333333333,Qwen,True
mteb/ClimateFEVER_test_top_250_only_w_correct-v2::2890,code_switched,0.0,0.0,Qwen,0.5851102708394778,0.22167671525363375,0.915,0.4583333333333333,-0.4566666666666667,BM25,False,0.2789959797900799,0.33281094077487544,0.115,0.7133333333333334,0.5983333333333334,Qwen,True
mteb/ClimateFEVER_test_top_250_only_w_correct-v2::2894,code_switched,0.6713860725233041,0.46927872602275644,BM25,0.07661920717701651,0.41583881347913837,0.13166666666666665,0.7633333333333333,0.6316666666666666,Qwen,False,0.3878821428399528,0.29905336055262605,0.98,0.31666666666666665,-0.6633333333333333,BM25,True
mteb/ClimateFEVER_test_top_250_only_w_correct-v2::2895,code_switched,0.0,0.3764290720714305,Qwen,0.47323672565345315,0.35012027211106217,0.7733333333333333,0.6683333333333333,-0.10499999999999998,BM25,False,0.27329119219671727,0.25656445729512595,0.06166666666666667,0.006666666666666667,-0.055,BM25,False
mteb/ClimateFEVER_test_top_250_only_w_correct-v2::2898,code_switched,0.0,0.0,Qwen,0.5246451038405695,0.09547718996742464,0.8566666666666667,0.20333333333333334,-0.6533333333333333,BM25,False,0.28380073497364633,0.3194513355450799,0.18666666666666668,0.555,0.3683333333333334,Qwen,True
mteb/ClimateFEVER_test_top_250_only_w_correct-v2::2901,code_switched,0.0,0.0,Qwen,0.37071157300907015,0.42963779462142504,0.6466666666666666,0.785,0.13833333333333342,Qwen,True,0.29189395606196145,0.284769820275654,0.2966666666666667,0.16166666666666665,-0.13500000000000004,BM25,False
mteb/ClimateFEVER_test_top_250_only_w_correct-v2::2914,code_switched,0.5249810332008933,0.3065735963827292,BM25,0.5450998689934187,0.3817361324549419,0.88,0.7116666666666667,-0.16833333333333333,BM25,True,0.2701243884000805,0.30645002316650344,0.03833333333333333,0.385,0.3466666666666667,Qwen,False
mteb/ClimateFEVER_test_top_250_only_w_correct-v2::2915,code_switched,0.0,0.7039180890341347,Qwen,0.09737528335099313,0.33480866196898545,0.16,0.6483333333333333,0.4883333333333333,Qwen,True,0.2943922326447855,0.30335200634266285,0.3283333333333333,0.3566666666666667,0.028333333333333377,Qwen,True
mteb/ClimateFEVER_test_top_250_only_w_correct-v2::2916,code_switched,0.0,0.0,Qwen,0.22077377967949796,0.18970984908269908,0.3933333333333333,0.385,-0.008333333333333304,BM25,False,0.3112082298175273,0.33554111078566007,0.5083333333333333,0.755,0.2466666666666667,Qwen,True
mteb/ClimateFEVER_test_top_250_only_w_correct-v2::2935,code_switched,0.0,0.2960819109658652,Qwen,0.14828486529810428,0.20391941282078507,0.2683333333333333,0.41333333333333333,0.14500000000000002,Qwen,True,0.3011801360899109,0.32259346462204863,0.415,0.6,0.185,Qwen,True
mteb/ClimateFEVER_test_top_250_only_w_correct-v2::2939,code_switched,0.123151194370365,0.0,BM25,0.005944067527307343,0.27307166230671953,0.01,0.5366666666666666,0.5266666666666666,Qwen,False,0.3478481637375033,0.3030799714209133,0.8533333333333334,0.3516666666666667,-0.5016666666666667,BM25,True
mteb/ClimateFEVER_test_top_250_only_w_correct-v2::2945,code_switched,0.0,0.0,Qwen,0.25106586172785295,0.20147642508868369,0.44166666666666665,0.4083333333333333,-0.033333333333333326,BM25,False,0.31017543836845773,0.33357164743195,0.49833333333333335,0.7266666666666667,0.22833333333333333,Qwen,True
mteb/ClimateFEVER_test_top_250_only_w_correct-v2::2961,code_switched,0.43067655807339306,0.0,BM25,0.11272069929329415,0.5022506933054617,0.195,0.87,0.675,Qwen,False,0.3354985364044903,0.2947786182502763,0.7683333333333333,0.2816666666666667,-0.48666666666666664,BM25,True
mteb/ClimateFEVER_test_top_250_only_w_correct-v2::2966,code_switched,0.11305340175787204,0.21398626473452756,Qwen,0.021618870104388996,0.31425093053084496,0.043333333333333335,0.615,0.5716666666666667,Qwen,True,0.32037137142781413,0.2863025975021518,0.6016666666666667,0.18333333333333332,-0.41833333333333333,BM25,False
mteb/ClimateFEVER_test_top_250_only_w_correct-v2::2967,code_switched,0.0,0.6309297535714575,Qwen,0.21184361884848713,0.2695728503915991,0.38666666666666666,0.5266666666666666,0.13999999999999996,Qwen,True,0.3090726104038881,0.32133887526203553,0.485,0.5783333333333334,0.09333333333333338,Qwen,True
mteb/ClimateFEVER_test_top_250_only_w_correct-v2::2970,code_switched,0.0,0.38364913903790027,Qwen,0.2464452519887344,0.4980720499954005,0.43333333333333335,0.8633333333333333,0.42999999999999994,Qwen,True,0.29852758409351693,0.2672607609548654,0.38666666666666666,0.02,-0.36666666666666664,BM25,False
mteb/ClimateFEVER_test_top_250_only_w_correct-v2::2977,code_switched,0.0,0.0,Qwen,0.2347350334435526,0.0388380439468742,0.41333333333333333,0.07,-0.3433333333333333,BM25,False,0.33010108374967173,0.36384448719830187,0.71,0.94,0.22999999999999998,Qwen,True
mteb/ClimateFEVER_test_top_250_only_w_correct-v2::2981,code_switched,0.2960819109658652,0.41618115554873086,Qwen,0.07405322578766309,0.42549611015844546,0.12833333333333333,0.78,0.6516666666666667,Qwen,True,0.306790370352538,0.30652952593069943,0.45666666666666667,0.38666666666666666,-0.07,BM25,False
mteb/ClimateFEVER_test_top_250_only_w_correct-v2::2983,code_switched,0.38685280723454163,0.0,BM25,0.4858694562462714,0.10652855399257326,0.7933333333333333,0.22833333333333333,-0.565,BM25,True,0.3048984085386101,0.3563186735178509,0.435,0.8933333333333333,0.4583333333333333,Qwen,False
mteb/ClimateFEVER_test_top_250_only_w_correct-v2::2991,code_switched,0.14126697285982898,0.0,BM25,0.13694155612873682,0.12590960110586333,0.24666666666666667,0.2633333333333333,0.016666666666666635,Qwen,False,0.34489072741800625,0.3172366567430074,0.845,0.5283333333333333,-0.31666666666666665,BM25,True
mteb/ClimateFEVER_test_top_250_only_w_correct-v2::2992,code_switched,0.6131471927654584,0.0,BM25,0.18228334500013751,0.5230703672273374,0.335,0.895,0.56,Qwen,False,0.3495240176842852,0.28153376822324894,0.8716666666666667,0.10666666666666667,-0.765,BM25,True
mteb/ClimateFEVER_test_top_250_only_w_correct-v2::3009,code_switched,0.0,0.18154179253735267,Qwen,0.16429089527346502,0.034251494230461775,0.29833333333333334,0.06,-0.23833333333333334,BM25,False,0.3156331670890222,0.32769415888665127,0.5516666666666666,0.665,0.1133333333333334,Qwen,True
mteb/ClimateFEVER_test_top_250_only_w_correct-v2::302,code_switched,0.0,0.11284514134893527,Qwen,0.12770785467521067,0.28815587078072463,0.22666666666666666,0.5683333333333334,0.3416666666666667,Qwen,True,0.3201577897373171,0.24172411913155195,0.6,0.0016666666666666668,-0.5983333333333333,BM25,False
mteb/ClimateFEVER_test_top_250_only_w_correct-v2::3024,code_switched,0.38364913903790027,0.7039180890341347,Qwen,0.5279830139536216,0.5789194757530611,0.8616666666666667,0.9283333333333333,0.06666666666666665,Qwen,True,0.283081843299973,0.28396416203280944,0.17666666666666667,0.15166666666666667,-0.024999999999999994,BM25,False
mteb/ClimateFEVER_test_top_250_only_w_correct-v2::3047,code_switched,0.0,0.0,Qwen,0.08958820176882815,0.40001224775531224,0.15,0.74,0.59,Qwen,True,0.3403659350665749,0.271871869585033,0.8133333333333334,0.04666666666666667,-0.7666666666666667,BM25,False
mteb/ClimateFEVER_test_top_250_only_w_correct-v2::305,code_switched,0.0,0.0,Qwen,0.3826289914604592,0.211187400467115,0.6533333333333333,0.43166666666666664,-0.22166666666666668,BM25,False,0.3020211658126671,0.30278409507468834,0.42,0.34833333333333333,-0.07166666666666666,BM25,False
mteb/ClimateFEVER_test_top_250_only_w_correct-v2::3056,code_switched,0.0,0.15101961822780524,Qwen,0.49257806103625423,0.7268214674282283,0.8116666666666666,0.9883333333333333,0.17666666666666664,Qwen,True,0.2914021653413742,0.2806186353631575,0.29333333333333333,0.09833333333333333,-0.195,BM25,False
mteb/ClimateFEVER_test_top_250_only_w_correct-v2::3064,code_switched,0.0,0.0,Qwen,0.017877106615073267,0.20777560640153905,0.03666666666666667,0.42,0.3833333333333333,Qwen,True,0.3388299632245362,0.33536819596827216,0.8016666666666666,0.7516666666666667,-0.04999999999999993,BM25,False
mteb/ClimateFEVER_test_top_250_only_w_correct-v2::3069,code_switched,0.0,0.6713860725233041,Qwen,0.4798305900717474,0.08358214901697524,0.7816666666666666,0.17833333333333334,-0.6033333333333333,BM25,False,0.2560228077488286,0.33049865127580624,0.006666666666666667,0.6916666666666667,0.6849999999999999,Qwen,True
mteb/ClimateFEVER_test_top_250_only_w_correct-v2::3070,code_switched,0.0,0.0,Qwen,0.4446693938257331,0.4524277540384071,0.7383333333333333,0.825,0.08666666666666667,Qwen,True,0.28183722585781595,0.30415808128411953,0.155,0.365,0.21,Qwen,True
mteb/ClimateFEVER_test_top_250_only_w_correct-v2::3072,code_switched,0.6309297535714575,1.0,Qwen,0.410082640233368,0.39921060286713805,0.6966666666666667,0.7383333333333333,0.04166666666666663,Qwen,True,0.2827084364322793,0.2929086059439925,0.16833333333333333,0.2633333333333333,0.09499999999999997,Qwen,True
mteb/ClimateFEVER_test_top_250_only_w_correct-v2::3084,code_switched,0.0,0.0,Qwen,0.09385442434767094,0.047883652874285004,0.15333333333333332,0.10166666666666667,-0.05166666666666665,BM25,False,0.34766574567112535,0.33439078592633104,0.85,0.7366666666666667,-0.11333333333333329,BM25,False
mteb/ClimateFEVER_test_top_250_only_w_correct-v2::3090,code_switched,0.0,0.0,Qwen,0.38624191854022616,0.10623228962848746,0.6616666666666666,0.22666666666666666,-0.43499999999999994,BM25,False,0.3072998918198635,0.36214015723408255,0.46166666666666667,0.925,0.4633333333333334,Qwen,True
mteb/ClimateFEVER_test_top_250_only_w_correct-v2::3105,code_switched,0.2960819109658652,0.39106560501896365,Qwen,0.3647053700225385,0.3039933856005348,0.635,0.5933333333333334,-0.04166666666666663,BM25,False,0.2995343498244595,0.33267439084560185,0.395,0.7116666666666667,0.31666666666666665,Qwen,True
mteb/ClimateFEVER_test_top_250_only_w_correct-v2::3110,code_switched,0.0,0.0,Qwen,0.5171478922409388,0.46458101891466436,0.8416666666666667,0.8366666666666667,-0.0050000000000000044,BM25,False,0.29510374002290307,0.28381763380444464,0.34833333333333333,0.14833333333333334,-0.19999999999999998,BM25,False
mteb/ClimateFEVER_test_top_250_only_w_correct-v2::3121,code_switched,0.0,0.14126697285982898,Qwen,0.293396457852922,0.1567475403373692,0.5083333333333333,0.31666666666666665,-0.19166666666666665,BM25,False,0.3257597626042196,0.3555145471213362,0.6666666666666666,0.8866666666666667,0.22000000000000008,Qwen,True
mteb/ClimateFEVER_test_top_250_only_w_correct-v2::3123,code_switched,0.0,0.3501483019834802,Qwen,0.11251074570950584,0.24835317948539315,0.19333333333333333,0.5,0.30666666666666664,Qwen,True,0.3739225503325961,0.31522440500155435,0.96,0.5,-0.45999999999999996,BM25,False
mteb/ClimateFEVER_test_top_250_only_w_correct-v2::3125,code_switched,0.0,0.0,Qwen,0.06321914436196616,0.2192963419423966,0.11333333333333333,0.45166666666666666,0.3383333333333333,Qwen,True,0.3799850177306482,0.32731131816104564,0.97,0.66,-0.30999999999999994,BM25,False
mteb/ClimateFEVER_test_top_250_only_w_correct-v2::3134,code_switched,0.0,0.3903800499921017,Qwen,0.4140657570663115,0.3906556813505508,0.705,0.73,0.025000000000000022,Qwen,True,0.2861125077145599,0.28219069201610136,0.22666666666666666,0.11666666666666667,-0.10999999999999999,BM25,False
mteb/ClimateFEVER_test_top_250_only_w_correct-v2::337,code_switched,0.0,0.0,Qwen,0.24901116162601278,0.28257828113800654,0.43666666666666665,0.5566666666666666,0.12,Qwen,True,0.34323689599105206,0.3114921607936077,0.835,0.45166666666666666,-0.3833333333333333,BM25,False
mteb/ClimateFEVER_test_top_250_only_w_correct-v2::344,code_switched,0.0,0.0,Qwen,0.20048218221892217,0.32120545592818106,0.37166666666666665,0.6233333333333333,0.25166666666666665,Qwen,True,0.32122045225821655,0.31057814980838994,0.62,0.43666666666666665,-0.18333333333333335,BM25,False
mteb/ClimateFEVER_test_top_250_only_w_correct-v2::348,code_switched,0.0,0.0,Qwen,0.008344340812091566,0.6257865386762754,0.015,0.9583333333333334,0.9433333333333334,Qwen,True,0.3983225846296437,0.28992254799491546,0.9866666666666667,0.22833333333333333,-0.7583333333333333,BM25,False
mteb/ClimateFEVER_test_top_250_only_w_correct-v2::35,code_switched,0.0,0.0,Qwen,0.35164277269570476,0.027294695779996103,0.615,0.05333333333333334,-0.5616666666666666,BM25,False,0.28690539206641286,0.4004747553111668,0.23666666666666666,0.9966666666666667,0.76,Qwen,True
mteb/ClimateFEVER_test_top_250_only_w_correct-v2::350,code_switched,0.0,0.0,Qwen,0.43761698251766096,0.12840253084377073,0.7316666666666667,0.27166666666666667,-0.46,BM25,False,0.2869531059662398,0.3581228468596319,0.24166666666666667,0.905,0.6633333333333333,Qwen,True
mteb/ClimateFEVER_test_top_250_only_w_correct-v2::353,code_switched,0.0,0.6131471927654584,Qwen,0.23171310361771186,0.07679833137455752,0.4066666666666667,0.155,-0.2516666666666667,BM25,False,0.31005795004293607,0.3578749105201449,0.49666666666666665,0.9033333333333333,0.4066666666666667,Qwen,True
mteb/ClimateFEVER_test_top_250_only_w_correct-v2::356,code_switched,0.0,0.123151194370365,Qwen,0.3354668983151431,0.4176031254128104,0.5916666666666667,0.7666666666666667,0.17500000000000004,Qwen,True,0.30819778672479825,0.2582636814964132,0.4716666666666667,0.008333333333333333,-0.4633333333333333,BM25,False
mteb/ClimateFEVER_test_top_250_only_w_correct-v2::358,code_switched,0.13012668333070054,0.123151194370365,BM25,0.5662353193285862,0.06471807846874038,0.8983333333333333,0.14166666666666666,-0.7566666666666666,BM25,True,0.2767123744937344,0.34064477983506813,0.09333333333333334,0.79,0.6966666666666667,Qwen,False
mteb/ClimateFEVER_test_top_250_only_w_correct-v2::363,code_switched,0.0,0.35914753008966527,Qwen,0.38393215758199944,0.34566184418164986,0.6583333333333333,0.6633333333333333,0.0050000000000000044,Qwen,True,0.31404670415753205,0.3070581183904809,0.54,0.39666666666666667,-0.14333333333333337,BM25,False
mteb/ClimateFEVER_test_top_250_only_w_correct-v2::368,code_switched,0.0,0.0,Qwen,0.5959074504918038,0.3917762772299558,0.93,0.7316666666666667,-0.19833333333333336,BM25,False,0.28341259227547044,0.3021022930357839,0.18,0.3416666666666667,0.16166666666666668,Qwen,True
mteb/ClimateFEVER_test_top_250_only_w_correct-v2::369,code_switched,0.3065735963827292,0.0,BM25,0.0289164840811153,0.11085020983471765,0.058333333333333334,0.24166666666666667,0.18333333333333335,Qwen,False,0.40462408343723705,0.3763450386060881,0.9966666666666667,0.9683333333333334,-0.02833333333333332,BM25,True
mteb/ClimateFEVER_test_top_250_only_w_correct-v2::376,code_switched,0.0,0.0,Qwen,0.07288091242797709,0.21802539082392677,0.12666666666666668,0.44666666666666666,0.31999999999999995,Qwen,True,0.3510326414703579,0.3530642959948113,0.88,0.8816666666666667,0.0016666666666667052,Qwen,True
mteb/ClimateFEVER_test_top_250_only_w_correct-v2::377,code_switched,0.0,0.15101961822780524,Qwen,0.18733537194585834,0.19023544520826058,0.355,0.38666666666666666,0.031666666666666676,Qwen,True,0.3096043790928922,0.3330457401762726,0.49,0.7216666666666667,0.2316666666666667,Qwen,True
mteb/ClimateFEVER_test_top_250_only_w_correct-v2::38,code_switched,0.0,0.0,Qwen,0.019970634489853957,0.09558422761525141,0.041666666666666664,0.205,0.16333333333333333,Qwen,True,0.3330280556881158,0.32640895259035274,0.7466666666666667,0.65,-0.09666666666666668,BM25,False
mteb/ClimateFEVER_test_top_250_only_w_correct-v2::400,code_switched,0.23463936301137822,0.2960819109658652,Qwen,0.251623581516076,0.35974722197009046,0.445,0.685,0.24000000000000005,Qwen,True,0.31447862741437993,0.3114687206389528,0.5433333333333333,0.45,-0.09333333333333332,BM25,False
mteb/ClimateFEVER_test_top_250_only_w_correct-v2::401,code_switched,0.0,0.0,Qwen,0.4279732381706384,0.35571220831072076,0.7166666666666667,0.6783333333333333,-0.03833333333333333,BM25,False,0.26097996723447076,0.3193286831390689,0.015,0.55,0.535,Qwen,True
mteb/ClimateFEVER_test_top_250_only_w_correct-v2::404,code_switched,0.4703652827859579,0.0,BM25,0.29516782097096406,0.5500593497043875,0.5116666666666667,0.9116666666666666,0.3999999999999999,Qwen,False,0.31963340582655875,0.2857656935571066,0.5966666666666667,0.175,-0.4216666666666667,BM25,True
mteb/ClimateFEVER_test_top_250_only_w_correct-v2::418,code_switched,0.0,0.0,Qwen,0.4869905976925682,0.04649172604765254,0.8016666666666666,0.09833333333333333,-0.7033333333333334,BM25,False,0.2967823775299364,0.3640108385772152,0.365,0.9416666666666667,0.5766666666666667,Qwen,True
mteb/ClimateFEVER_test_top_250_only_w_correct-v2::419,code_switched,0.13905617951077562,0.0,BM25,0.17400699147909493,0.10984716182200233,0.315,0.23833333333333334,-0.07666666666666666,BM25,True,0.30714772054795214,0.35680771921815785,0.46,0.8966666666666666,0.4366666666666666,Qwen,False
mteb/ClimateFEVER_test_top_250_only_w_correct-v2::424,code_switched,0.0,0.0,Qwen,0.08476327053874708,0.6410857445958174,0.145,0.965,0.82,Qwen,True,0.3097781083484118,0.2723261499703677,0.49333333333333335,0.051666666666666666,-0.44166666666666665,BM25,False
mteb/ClimateFEVER_test_top_250_only_w_correct-v2::434,code_switched,0.0,0.0,Qwen,0.10332794744023396,0.2537687824195692,0.175,0.515,0.34,Qwen,True,0.32699939549325324,0.3096038163008839,0.68,0.4216666666666667,-0.25833333333333336,BM25,False
mteb/ClimateFEVER_test_top_250_only_w_correct-v2::435,code_switched,0.0,0.0,Qwen,0.1409865381457856,0.0843631268580309,0.255,0.18166666666666667,-0.07333333333333333,BM25,False,0.3408023988527034,0.3339698032246112,0.8183333333333334,0.7316666666666667,-0.08666666666666667,BM25,False
mteb/ClimateFEVER_test_top_250_only_w_correct-v2::436,code_switched,0.0,0.0,Qwen,0.019759698358122284,0.25603321298940157,0.04,0.5166666666666667,0.47666666666666674,Qwen,True,0.36295648479744214,0.3046310463588318,0.9266666666666666,0.37,-0.5566666666666666,BM25,False
mteb/ClimateFEVER_test_top_250_only_w_correct-v2::44,code_switched,0.0,0.0,Qwen,0.5771497570131283,0.2268286039622504,0.91,0.47,-0.44000000000000006,BM25,False,0.27620735943508967,0.3209855804506141,0.09,0.5716666666666667,0.4816666666666667,Qwen,True
mteb/ClimateFEVER_test_top_250_only_w_correct-v2::447,code_switched,0.0,0.21398626473452756,Qwen,0.39032493782333844,0.2797280855114379,0.6683333333333333,0.55,-0.11833333333333329,BM25,False,0.2724253947317935,0.2823781407749072,0.056666666666666664,0.11833333333333333,0.06166666666666667,Qwen,True
mteb/ClimateFEVER_test_top_250_only_w_correct-v2::451,code_switched,0.0,0.0,Qwen,0.16862987425345988,0.3484821039860193,0.30666666666666664,0.6666666666666666,0.36,Qwen,True,0.2796410647373163,0.28269078684235827,0.12333333333333334,0.125,0.0016666666666666635,Qwen,True
mteb/ClimateFEVER_test_top_250_only_w_correct-v2::455,code_switched,0.0,0.17723928678404774,Qwen,0.20950770689312878,0.01668709180952471,0.38166666666666665,0.035,-0.3466666666666667,BM25,False,0.3373970386517392,0.3691380581398242,0.79,0.9583333333333334,0.16833333333333333,Qwen,True
mteb/ClimateFEVER_test_top_250_only_w_correct-v2::470,code_switched,0.0,0.0,Qwen,0.6096231672032656,0.4114348210465599,0.9416666666666667,0.755,-0.18666666666666665,BM25,False,0.2811233315833668,0.26499008109301747,0.145,0.015,-0.13,BM25,False
mteb/ClimateFEVER_test_top_250_only_w_correct-v2::473,code_switched,0.0,0.0,Qwen,0.12220306858428083,0.4482918498445726,0.215,0.8166666666666667,0.6016666666666667,Qwen,True,0.3535299018917867,0.3099604123352844,0.8883333333333333,0.425,-0.4633333333333333,BM25,False
mteb/ClimateFEVER_test_top_250_only_w_correct-v2::474,code_switched,0.1208113026994942,0.30078518014914984,Qwen,0.48664128481958313,0.3182744579493443,0.7966666666666666,0.6183333333333333,-0.17833333333333334,BM25,False,0.27834224551152525,0.30676273783715585,0.10833333333333334,0.39166666666666666,0.2833333333333333,Qwen,True
mteb/ClimateFEVER_test_top_250_only_w_correct-v2::478,code_switched,0.13905617951077562,0.0,BM25,0.30455379850195113,0.30294704896794533,0.5283333333333333,0.59,0.06166666666666665,Qwen,False,0.32676626888008586,0.31738930807666543,0.6766666666666666,0.5333333333333333,-0.1433333333333333,BM25,True
mteb/ClimateFEVER_test_top_250_only_w_correct-v2::495,code_switched,0.24630238874073,0.16812753627111746,BM25,0.2371396327898612,0.07691633308033469,0.41833333333333333,0.15666666666666668,-0.26166666666666666,BM25,True,0.27072668416435797,0.3569588796969605,0.04,0.9,0.86,Qwen,False
mteb/ClimateFEVER_test_top_250_only_w_correct-v2::503,code_switched,0.0,0.4412576003965278,Qwen,0.2614931266542692,0.4082957925525955,0.45666666666666667,0.7483333333333333,0.29166666666666663,Qwen,True,0.26592270766031656,0.297579179721279,0.021666666666666667,0.30666666666666664,0.285,Qwen,True
mteb/ClimateFEVER_test_top_250_only_w_correct-v2::506,code_switched,0.15642624200758548,0.15642624200758548,Qwen,0.17544943918667177,0.5018180815562385,0.32166666666666666,0.8683333333333333,0.5466666666666666,Qwen,True,0.32280782972155053,0.2866709031804266,0.6283333333333333,0.18666666666666668,-0.44166666666666665,BM25,False
mteb/ClimateFEVER_test_top_250_only_w_correct-v2::512,code_switched,0.13012668333070054,0.36331756126716835,Qwen,0.2597408268775265,0.21923426237125818,0.455,0.45,-0.0050000000000000044,BM25,False,0.3255175672982669,0.31441832467608016,0.6533333333333333,0.485,-0.16833333333333333,BM25,False
mteb/ClimateFEVER_test_top_250_only_w_correct-v2::520,code_switched,0.0,0.20438239758848611,Qwen,0.6499543653816455,0.5183238165591786,0.96,0.89,-0.06999999999999995,BM25,False,0.2807733558668668,0.26917814800461765,0.13833333333333334,0.02666666666666667,-0.11166666666666666,BM25,False
mteb/ClimateFEVER_test_top_250_only_w_correct-v2::527,code_switched,0.18154179253735267,0.2960819109658652,Qwen,0.40852429364298365,0.6403565126784335,0.6916666666666667,0.9633333333333334,0.2716666666666667,Qwen,True,0.30296999117194295,0.28566072913000373,0.42333333333333334,0.17166666666666666,-0.2516666666666667,BM25,False
mteb/ClimateFEVER_test_top_250_only_w_correct-v2::528,code_switched,0.0,0.44149241373678083,Qwen,0.24928628769920325,0.0035974670292508804,0.44,0.01,-0.43,BM25,False,0.29981683941018944,0.3701710812013103,0.3983333333333333,0.96,0.5616666666666666,Qwen,True
mteb/ClimateFEVER_test_top_250_only_w_correct-v2::530,code_switched,0.0,0.6131471927654584,Qwen,0.07859945674133119,0.259517642821928,0.135,0.5233333333333333,0.3883333333333333,Qwen,True,0.35968840680466774,0.30253641779114343,0.9083333333333333,0.3466666666666667,-0.5616666666666666,BM25,False
mteb/ClimateFEVER_test_top_250_only_w_correct-v2::532,code_switched,0.0,0.0,Qwen,0.361306867102423,0.2536291780641236,0.6266666666666667,0.5133333333333333,-0.1133333333333334,BM25,False,0.2928459165964314,0.3073784692265407,0.30666666666666664,0.4,0.09333333333333338,Qwen,True
mteb/ClimateFEVER_test_top_250_only_w_correct-v2::534,code_switched,0.0,0.2090905274901754,Qwen,0.39868804287466275,0.5050897247938457,0.6816666666666666,0.8766666666666667,0.19500000000000006,Qwen,True,0.2852530710349679,0.2833098064174047,0.20166666666666666,0.13666666666666666,-0.065,BM25,False
mteb/ClimateFEVER_test_top_250_only_w_correct-v2::539,code_switched,0.0,0.0,Qwen,0.39069315094642887,0.09356624348247182,0.67,0.2,-0.47000000000000003,BM25,False,0.29458332105048146,0.3143669150547393,0.3333333333333333,0.4816666666666667,0.14833333333333337,Qwen,True
mteb/ClimateFEVER_test_top_250_only_w_correct-v2::548,code_switched,0.23463936301137822,0.46927872602275644,Qwen,0.06618911282259057,0.4162164451889978,0.11666666666666667,0.765,0.6483333333333333,Qwen,True,0.3692928254143162,0.26930220072574307,0.9466666666666667,0.03,-0.9166666666666666,BM25,False
mteb/ClimateFEVER_test_top_250_only_w_correct-v2::55,code_switched,0.0,0.0,Qwen,0.2668427896223897,0.30640222164648734,0.47333333333333333,0.5966666666666667,0.12333333333333335,Qwen,True,0.32407810723461283,0.3144465262353558,0.6433333333333333,0.4866666666666667,-0.15666666666666662,BM25,False
mteb/ClimateFEVER_test_top_250_only_w_correct-v2::551,code_switched,0.0,0.16958010263680806,Qwen,0.27572017096809615,0.47892882522179525,0.48833333333333334,0.85,0.36166666666666664,Qwen,True,0.281317867546144,0.26998953885937405,0.14833333333333334,0.035,-0.11333333333333334,BM25,False
mteb/ClimateFEVER_test_top_250_only_w_correct-v2::554,code_switched,0.0,0.21398626473452756,Qwen,0.2347803559446147,0.21158942875729977,0.415,0.435,0.020000000000000018,Qwen,True,0.3440560468632116,0.3142413244612628,0.84,0.47833333333333333,-0.36166666666666664,BM25,False
mteb/ClimateFEVER_test_top_250_only_w_correct-v2::555,code_switched,0.18154179253735267,0.18154179253735267,Qwen,0.5049410363900725,0.24870735181496922,0.83,0.5016666666666667,-0.32833333333333325,BM25,False,0.2997307841408717,0.2963301525535519,0.39666666666666667,0.2916666666666667,-0.10499999999999998,BM25,False
mteb/ClimateFEVER_test_top_250_only_w_correct-v2::565,code_switched,0.0,0.0,Qwen,0.7275642952655731,0.015041780497655888,0.9833333333333333,0.03166666666666667,-0.9516666666666667,BM25,False,0.2779791757735759,0.3494748565271971,0.10333333333333333,0.8566666666666667,0.7533333333333334,Qwen,True
mteb/ClimateFEVER_test_top_250_only_w_correct-v2::586,code_switched,0.0,0.0,Qwen,0.3858506631768545,0.24482493246774015,0.66,0.495,-0.16500000000000004,BM25,False,0.3114369461014944,0.31623631517223333,0.5116666666666667,0.5166666666666667,0.0050000000000000044,Qwen,True
mteb/ClimateFEVER_test_top_250_only_w_correct-v2::6,code_switched,0.3562071871080222,1.0,Qwen,0.5811863622185898,0.4558133370754958,0.9116666666666666,0.83,-0.08166666666666667,BM25,False,0.26099419965440657,0.28028952197639656,0.016666666666666666,0.09166666666666666,0.075,Qwen,True
mteb/ClimateFEVER_test_top_250_only_w_correct-v2::603,code_switched,0.0,0.0,Qwen,0.6730082675917141,0.23782616755243002,0.9716666666666667,0.485,-0.4866666666666667,BM25,False,0.2750183651299562,0.3357966801018281,0.085,0.76,0.675,Qwen,True
mteb/ClimateFEVER_test_top_250_only_w_correct-v2::614,code_switched,0.13565197343244778,0.2960819109658652,Qwen,0.05232807183601461,0.08960847698881003,0.10166666666666667,0.19,0.08833333333333333,Qwen,True,0.40196651235433994,0.34795932544835007,0.9933333333333333,0.8416666666666667,-0.15166666666666662,BM25,False
mteb/ClimateFEVER_test_top_250_only_w_correct-v2::615,code_switched,0.0,0.16716045496620227,Qwen,0.5649339431119815,0.21846642663319854,0.8966666666666666,0.4483333333333333,-0.4483333333333333,BM25,False,0.27875603725996395,0.3295237367279761,0.11333333333333333,0.6833333333333333,0.5700000000000001,Qwen,True
mteb/ClimateFEVER_test_top_250_only_w_correct-v2::620,code_switched,0.0,0.0,Qwen,0.24228987176756855,0.05241172351588234,0.42333333333333334,0.11833333333333333,-0.305,BM25,False,0.3267355792411277,0.3756105126129595,0.675,0.9666666666666667,0.29166666666666663,Qwen,True
mteb/ClimateFEVER_test_top_250_only_w_correct-v2::621,code_switched,0.0,0.13120507751234178,Qwen,0.07086311588099554,0.17366248170719328,0.12333333333333334,0.345,0.22166666666666662,Qwen,True,0.3288625292656444,0.29032584561838487,0.6933333333333334,0.23333333333333334,-0.46,BM25,False
mteb/ClimateFEVER_test_top_250_only_w_correct-v2::625,code_switched,0.0,0.3065735963827292,Qwen,0.15148459572834744,0.37285234462512046,0.28,0.7016666666666667,0.42166666666666663,Qwen,True,0.3256141245077514,0.31651169157483544,0.6583333333333333,0.5233333333333333,-0.135,BM25,False
mteb/ClimateFEVER_test_top_250_only_w_correct-v2::628,code_switched,0.0,0.0,Qwen,0.4808991332687941,0.3289990765395434,0.785,0.64,-0.14500000000000002,BM25,False,0.2922345084176238,0.3298366778327771,0.3016666666666667,0.685,0.38333333333333336,Qwen,True
mteb/ClimateFEVER_test_top_250_only_w_correct-v2::633,code_switched,0.14126697285982898,0.6049306994552042,Qwen,0.3181238214073505,0.5024977629908937,0.5533333333333333,0.8716666666666667,0.31833333333333336,Qwen,True,0.28691819840014915,0.29511519616631077,0.23833333333333334,0.285,0.046666666666666634,Qwen,True
mteb/ClimateFEVER_test_top_250_only_w_correct-v2::634,code_switched,0.0,0.0,Qwen,0.5411826503323747,0.3553276683490425,0.8766666666666667,0.6766666666666666,-0.20000000000000007,BM25,False,0.3029996928127381,0.3019531222371946,0.425,0.34,-0.08499999999999996,BM25,False
mteb/ClimateFEVER_test_top_250_only_w_correct-v2::638,code_switched,0.18457569677956817,0.0,BM25,0.4225102204357866,0.02837775821549605,0.7116666666666667,0.055,-0.6566666666666666,BM25,True,0.28533166874765736,0.322636360377009,0.20666666666666667,0.6016666666666667,0.395,Qwen,False
mteb/ClimateFEVER_test_top_250_only_w_correct-v2::644,code_switched,0.7653606369886217,0.20210734650054757,BM25,0.16355767202351926,0.4378264038774068,0.29333333333333333,0.8,0.5066666666666667,Qwen,False,0.29792779685292153,0.2860331069484567,0.38,0.17833333333333334,-0.20166666666666666,BM25,True
mteb/ClimateFEVER_test_top_250_only_w_correct-v2::645,code_switched,0.0,0.0,Qwen,0.15670606847267096,0.01733472481349331,0.28833333333333333,0.03833333333333333,-0.25,BM25,False,0.3297701896527403,0.33899419279220355,0.7066666666666667,0.7783333333333333,0.07166666666666666,Qwen,True
mteb/ClimateFEVER_test_top_250_only_w_correct-v2::646,code_switched,0.0,0.0,Qwen,0.0865687297106193,0.04868903672051186,0.14666666666666667,0.10833333333333334,-0.03833333333333333,BM25,False,0.34849085954197573,0.3524081606237566,0.8583333333333333,0.875,0.01666666666666672,Qwen,True
mteb/ClimateFEVER_test_top_250_only_w_correct-v2::649,code_switched,0.0,0.0,Qwen,0.28003934801370345,0.20833597115735958,0.49333333333333335,0.42333333333333334,-0.07,BM25,False,0.3172981645612494,0.34759848660748294,0.575,0.8366666666666667,0.2616666666666667,Qwen,True
mteb/ClimateFEVER_test_top_250_only_w_correct-v2::65,code_switched,0.15642624200758548,0.5307212739772434,Qwen,0.3467687234684609,0.08165136326748466,0.6033333333333334,0.17333333333333334,-0.43000000000000005,BM25,False,0.2719920945577201,0.32459869748398756,0.055,0.63,0.575,Qwen,True
mteb/ClimateFEVER_test_top_250_only_w_correct-v2::656,code_switched,0.0,0.3903800499921017,Qwen,0.5337559687893741,0.3267007442944877,0.8666666666666667,0.6366666666666667,-0.22999999999999998,BM25,False,0.26702894843263103,0.30520758787611807,0.02666666666666667,0.375,0.34833333333333333,Qwen,True
mteb/ClimateFEVER_test_top_250_only_w_correct-v2::662,code_switched,0.0,0.3562071871080222,Qwen,0.1853463058189507,0.19583382369614435,0.3516666666666667,0.395,0.043333333333333335,Qwen,True,0.3412837524610439,0.2894374044416169,0.8216666666666667,0.21833333333333332,-0.6033333333333333,BM25,False
mteb/ClimateFEVER_test_top_250_only_w_correct-v2::665,code_switched,0.0,0.5855700749881525,Qwen,0.01869670438368008,0.13307146645082113,0.03833333333333333,0.28,0.2416666666666667,Qwen,True,0.35518091177951283,0.32096820537496057,0.8966666666666666,0.57,-0.32666666666666666,BM25,False
mteb/ClimateFEVER_test_top_250_only_w_correct-v2::669,code_switched,0.0,1.0,Qwen,0.052629921483798685,0.13633249997127023,0.105,0.285,0.18,Qwen,True,0.3432475679717795,0.3680615590970651,0.8366666666666667,0.9533333333333334,0.1166666666666667,Qwen,True
mteb/ClimateFEVER_test_top_250_only_w_correct-v2::67,code_switched,0.0,0.0,Qwen,0.20491775887612132,0.18737192166273364,0.37666666666666665,0.38,0.003333333333333355,Qwen,True,0.3354470444535349,0.325309384800847,0.7666666666666667,0.635,-0.1316666666666667,BM25,False
mteb/ClimateFEVER_test_top_250_only_w_correct-v2::678,code_switched,0.0,0.10209739512291163,Qwen,0.14095380844735797,0.09991177177981093,0.25333333333333335,0.21666666666666667,-0.03666666666666668,BM25,False,0.32696376430482293,0.3371434965217642,0.6783333333333333,0.77,0.09166666666666667,Qwen,True
mteb/ClimateFEVER_test_top_250_only_w_correct-v2::688,code_switched,0.3071837157818931,0.123151194370365,BM25,0.32900000580968003,0.3627470598487028,0.5716666666666667,0.6883333333333334,0.1166666666666667,Qwen,False,0.30822199265067024,0.3017268454383187,0.475,0.335,-0.13999999999999996,BM25,True
mteb/ClimateFEVER_test_top_250_only_w_correct-v2::689,code_switched,0.0,0.0,Qwen,0.10569787532237224,0.3249925174116478,0.18166666666666667,0.6316666666666667,0.45000000000000007,Qwen,True,0.32879667313933164,0.2906559797765845,0.6916666666666667,0.23666666666666666,-0.45499999999999996,BM25,False
mteb/ClimateFEVER_test_top_250_only_w_correct-v2::69,code_switched,1.0,1.0,Qwen,0.3383248514281873,0.6092915229506256,0.595,0.95,0.355,Qwen,True,0.3161683525807205,0.27959649021393806,0.56,0.08666666666666667,-0.4733333333333334,BM25,False
mteb/ClimateFEVER_test_top_250_only_w_correct-v2::695,code_switched,0.0,0.0,Qwen,0.5839179947790992,0.06857333162751494,0.9133333333333333,0.14833333333333334,-0.765,BM25,False,0.285601560251584,0.37998695619641015,0.21666666666666667,0.9816666666666667,0.765,Qwen,True
mteb/ClimateFEVER_test_top_250_only_w_correct-v2::696,code_switched,0.0,0.0,Qwen,0.1844524565534145,0.6475598191292274,0.35,0.9716666666666667,0.6216666666666667,Qwen,True,0.341421619666796,0.2860423976944575,0.825,0.18,-0.645,BM25,False
mteb/ClimateFEVER_test_top_250_only_w_correct-v2::701,code_switched,0.0,0.0,Qwen,0.5950653198428505,0.28859994370932246,0.925,0.57,-0.3550000000000001,BM25,False,0.2710439152763023,0.3307000477724241,0.043333333333333335,0.695,0.6516666666666666,Qwen,True
mteb/ClimateFEVER_test_top_250_only_w_correct-v2::702,code_switched,0.0,0.0,Qwen,0.04898005468511499,0.5137681840724247,0.09333333333333334,0.8866666666666667,0.7933333333333333,Qwen,True,0.35084465929360903,0.25348044715804535,0.8783333333333333,0.005,-0.8733333333333333,BM25,False
mteb/ClimateFEVER_test_top_250_only_w_correct-v2::71,code_switched,0.46927872602275644,0.46927872602275644,Qwen,0.2915148598792017,0.3085076340290198,0.5033333333333333,0.6016666666666667,0.09833333333333338,Qwen,True,0.336079353471385,0.3270393292588027,0.7783333333333333,0.6566666666666666,-0.1216666666666667,BM25,False
mteb/ClimateFEVER_test_top_250_only_w_correct-v2::712,code_switched,0.0,0.0,Qwen,0.36380645549435997,0.04546526687135482,0.6333333333333333,0.095,-0.5383333333333333,BM25,False,0.3096511315487039,0.34993549371729005,0.49166666666666664,0.86,0.36833333333333335,Qwen,True
mteb/ClimateFEVER_test_top_250_only_w_correct-v2::724,code_switched,0.0,0.0,Qwen,0.4691531393078795,0.2717154986579638,0.7716666666666666,0.5316666666666666,-0.24,BM25,False,0.29256598939737605,0.33634477726453,0.30333333333333334,0.7616666666666667,0.45833333333333337,Qwen,True
mteb/ClimateFEVER_test_top_250_only_w_correct-v2::736,code_switched,0.0,0.1480409554829326,Qwen,0.09854084948714872,0.2802787122938406,0.16333333333333333,0.5516666666666666,0.3883333333333333,Qwen,True,0.30662452700368714,0.3169927175520226,0.45166666666666666,0.5266666666666666,0.07499999999999996,Qwen,True
mteb/ClimateFEVER_test_top_250_only_w_correct-v2::74,code_switched,0.0,0.0,Qwen,0.15648282029955696,0.674904780407075,0.2866666666666667,0.9816666666666667,0.6950000000000001,Qwen,True,0.34920230055065504,0.27649171911230286,0.8683333333333333,0.06833333333333333,-0.7999999999999999,BM25,False
mteb/ClimateFEVER_test_top_250_only_w_correct-v2::741,code_switched,0.0,0.0,Qwen,0.3104384137760256,0.17829077894670992,0.54,0.35333333333333333,-0.1866666666666667,BM25,False,0.2957232226585391,0.3307416693827541,0.35833333333333334,0.6966666666666667,0.3383333333333333,Qwen,True
mteb/ClimateFEVER_test_top_250_only_w_correct-v2::742,code_switched,0.0,0.0,Qwen,0.4895076606187455,0.31226912991830036,0.805,0.6116666666666667,-0.19333333333333336,BM25,False,0.28615736682250936,0.2926919755159415,0.22833333333333333,0.26166666666666666,0.033333333333333326,Qwen,True
mteb/ClimateFEVER_test_top_250_only_w_correct-v2::756,code_switched,0.0,0.23463936301137822,Qwen,0.10801532190886948,0.06739040848673007,0.185,0.14666666666666667,-0.03833333333333333,BM25,False,0.3630990616070365,0.35168093790266997,0.9283333333333333,0.8733333333333333,-0.05500000000000005,BM25,False
mteb/ClimateFEVER_test_top_250_only_w_correct-v2::757,code_switched,0.0,0.0,Qwen,0.0158510975290087,0.15542312209015363,0.03333333333333333,0.315,0.2816666666666667,Qwen,True,0.38406217688152566,0.3617645777229872,0.975,0.9216666666666666,-0.053333333333333344,BM25,False
mteb/ClimateFEVER_test_top_250_only_w_correct-v2::761,code_switched,0.0,0.0,Qwen,0.3727667715489881,0.2955418988359376,0.65,0.58,-0.07000000000000006,BM25,False,0.3183599623504188,0.29751517180008136,0.585,0.30333333333333334,-0.2816666666666666,BM25,False
mteb/ClimateFEVER_test_top_250_only_w_correct-v2::762,code_switched,0.0,0.4367467095119258,Qwen,0.05202854354720109,0.32476737299694436,0.1,0.63,0.53,Qwen,True,0.2884792196663268,0.3163970819298958,0.255,0.52,0.265,Qwen,True
mteb/ClimateFEVER_test_top_250_only_w_correct-v2::768,code_switched,0.0,0.0,Qwen,0.405684672476335,0.37880290499535557,0.6883333333333334,0.705,0.016666666666666607,Qwen,True,0.29389895404128,0.2829394465090002,0.32166666666666666,0.12666666666666668,-0.19499999999999998,BM25,False
mteb/ClimateFEVER_test_top_250_only_w_correct-v2::77,code_switched,0.0,0.0,Qwen,0.5173906650577673,0.4425667964051443,0.8433333333333334,0.8083333333333333,-0.03500000000000003,BM25,False,0.28964709898577945,0.3042313326159645,0.275,0.36666666666666664,0.09166666666666662,Qwen,True
mteb/ClimateFEVER_test_top_250_only_w_correct-v2::774,code_switched,0.0,0.15642624200758548,Qwen,0.2391332070042845,0.1833511167644138,0.42,0.365,-0.05499999999999999,BM25,False,0.32888798718162665,0.34990949516318315,0.695,0.8583333333333333,0.16333333333333333,Qwen,True
mteb/ClimateFEVER_test_top_250_only_w_correct-v2::775,code_switched,0.0,0.0,Qwen,0.29633870346198604,0.0020741449849145887,0.515,0.006666666666666667,-0.5083333333333333,BM25,False,0.3255334005946363,0.36094329327040026,0.655,0.9166666666666666,0.2616666666666666,Qwen,True
mteb/ClimateFEVER_test_top_250_only_w_correct-v2::788,code_switched,0.0,0.0,Qwen,0.045835167253509106,0.4651225408228971,0.08666666666666667,0.8383333333333334,0.7516666666666667,Qwen,True,0.40638818686412054,0.2760195203342032,1.0,0.06666666666666667,-0.9333333333333333,BM25,False
mteb/ClimateFEVER_test_top_250_only_w_correct-v2::791,code_switched,0.5307212739772434,0.6105456988825855,Qwen,0.24912137566608858,0.22474816890745342,0.43833333333333335,0.465,0.026666666666666672,Qwen,True,0.2954247888706827,0.3092822478387629,0.35333333333333333,0.4166666666666667,0.06333333333333335,Qwen,True
mteb/ClimateFEVER_test_top_250_only_w_correct-v2::797,code_switched,0.0,0.0,Qwen,0.8447349040999229,0.21029503961500792,0.9983333333333333,0.42833333333333334,-0.57,BM25,False,0.2800086479965758,0.29095546846591813,0.12666666666666668,0.24,0.11333333333333331,Qwen,True
mteb/ClimateFEVER_test_top_250_only_w_correct-v2::802,code_switched,0.0,0.46927872602275644,Qwen,0.024771291975928172,0.3358638764427197,0.05,0.65,0.6,Qwen,True,0.31899488896848,0.32133570984084614,0.5916666666666667,0.5766666666666667,-0.015000000000000013,BM25,False
mteb/ClimateFEVER_test_top_250_only_w_correct-v2::806,code_switched,0.0,0.0,Qwen,0.5586468830637258,0.02584894030752595,0.8883333333333333,0.04666666666666667,-0.8416666666666667,BM25,False,0.27346017985400384,0.3414526695645547,0.06666666666666667,0.8,0.7333333333333334,Qwen,True
mteb/ClimateFEVER_test_top_250_only_w_correct-v2::809,code_switched,0.0,0.0,Qwen,0.34882131029554,0.5647449059399157,0.6066666666666667,0.9216666666666666,0.31499999999999995,Qwen,True,0.32614155333992134,0.2821410531929474,0.67,0.115,-0.555,BM25,False
mteb/ClimateFEVER_test_top_250_only_w_correct-v2::811,code_switched,0.6131471927654584,0.0,BM25,0.3902954128464253,0.34408934951249215,0.6666666666666666,0.66,-0.006666666666666599,BM25,True,0.29903425386854104,0.3056031560875965,0.3933333333333333,0.37666666666666665,-0.016666666666666663,BM25,True
mteb/ClimateFEVER_test_top_250_only_w_correct-v2::814,code_switched,0.0,0.0,Qwen,0.518287978125217,0.5303983960429631,0.845,0.8983333333333333,0.053333333333333344,Qwen,True,0.2856390027458433,0.2996074453776908,0.21833333333333332,0.325,0.10666666666666669,Qwen,True
mteb/ClimateFEVER_test_top_250_only_w_correct-v2::815,code_switched,0.0,0.14606834984270645,Qwen,0.12640418047023536,0.6434480474042295,0.225,0.9683333333333334,0.7433333333333334,Qwen,True,0.3256869118671511,0.27205226267816607,0.6633333333333333,0.05,-0.6133333333333333,BM25,False
mteb/ClimateFEVER_test_top_250_only_w_correct-v2::816,code_switched,0.0,0.23463936301137822,Qwen,0.08267531300758256,0.3899521027404549,0.14,0.7283333333333334,0.5883333333333334,Qwen,True,0.36817335985007943,0.30731398057092535,0.9433333333333334,0.3983333333333333,-0.545,BM25,False
mteb/ClimateFEVER_test_top_250_only_w_correct-v2::819,code_switched,0.0,0.0,Qwen,0.23455722070357507,0.2123475454534384,0.4116666666666667,0.43833333333333335,0.026666666666666672,Qwen,True,0.32406888607221945,0.28750609873682315,0.6416666666666667,0.2,-0.4416666666666667,BM25,False
mteb/ClimateFEVER_test_top_250_only_w_correct-v2::821,code_switched,0.0,0.0,Qwen,0.43291537858206613,0.1572413466010201,0.7233333333333334,0.31833333333333336,-0.405,BM25,False,0.2740551835698109,0.3581251949615259,0.06833333333333333,0.9066666666666666,0.8383333333333333,Qwen,True
mteb/ClimateFEVER_test_top_250_only_w_correct-v2::824,code_switched,0.35853358850813305,0.0,BM25,0.481308300716582,0.14133688721900792,0.7866666666666666,0.2966666666666667,-0.48999999999999994,BM25,True,0.29114956198744246,0.33496825610034825,0.29,0.745,0.455,Qwen,False
mteb/ClimateFEVER_test_top_250_only_w_correct-v2::832,code_switched,0.0,0.0,Qwen,0.2483792738680391,0.06901046695204026,0.435,0.15,-0.28500000000000003,BM25,False,0.3364555977173188,0.3407619483368598,0.7816666666666666,0.7933333333333333,0.011666666666666714,Qwen,True
mteb/ClimateFEVER_test_top_250_only_w_correct-v2::839,code_switched,0.0,0.0,Qwen,0.18171762521494048,0.3118574674257483,0.33,0.6083333333333333,0.27833333333333327,Qwen,True,0.348551839331624,0.3094733798800587,0.86,0.41833333333333333,-0.44166666666666665,BM25,False
mteb/ClimateFEVER_test_top_250_only_w_correct-v2::840,code_switched,0.0,0.24630238874073,Qwen,0.6654207226916109,0.5884698119939687,0.9683333333333334,0.9366666666666666,-0.03166666666666673,BM25,False,0.2616411868406749,0.28453755133761555,0.018333333333333333,0.16,0.14166666666666666,Qwen,True
mteb/ClimateFEVER_test_top_250_only_w_correct-v2::849,code_switched,0.0,0.0,Qwen,0.0508833122421606,0.3324830116712006,0.09833333333333333,0.6416666666666667,0.5433333333333334,Qwen,True,0.3865692945422739,0.2899597329350607,0.9766666666666667,0.23,-0.7466666666666667,BM25,False
mteb/ClimateFEVER_test_top_250_only_w_correct-v2::85,code_switched,0.38685280723454163,0.6131471927654584,Qwen,0.04706593424348273,0.539953641229594,0.09,0.9033333333333333,0.8133333333333334,Qwen,True,0.33375291348128033,0.30138367299844127,0.755,0.3333333333333333,-0.4216666666666667,BM25,False
mteb/ClimateFEVER_test_top_250_only_w_correct-v2::851,code_switched,0.0,0.0,Qwen,0.23972550579747692,0.09300651078375824,0.4216666666666667,0.19666666666666666,-0.22500000000000003,BM25,False,0.30949188385256354,0.32395418980862045,0.48833333333333334,0.6266666666666667,0.13833333333333336,Qwen,True
mteb/ClimateFEVER_test_top_250_only_w_correct-v2::859,code_switched,0.0,0.0,Qwen,0.7220704175346869,0.1098375361199643,0.9816666666666667,0.23666666666666666,-0.745,BM25,False,0.2677917185325245,0.34996534300606524,0.03333333333333333,0.8616666666666667,0.8283333333333334,Qwen,True
mteb/ClimateFEVER_test_top_250_only_w_correct-v2::86,code_switched,0.0,0.24630238874073,Qwen,0.19934261697898892,0.0711783038734968,0.37,0.15166666666666667,-0.21833333333333332,BM25,False,0.32915953464290787,0.36616963811486836,0.7,0.9483333333333334,0.2483333333333334,Qwen,True
mteb/ClimateFEVER_test_top_250_only_w_correct-v2::864,code_switched,0.123151194370365,0.13905617951077562,Qwen,0.5726010463673307,0.18246294077212252,0.905,0.3616666666666667,-0.5433333333333333,BM25,False,0.25734159407242085,0.3017777413935074,0.011666666666666667,0.33666666666666667,0.325,Qwen,True
mteb/ClimateFEVER_test_top_250_only_w_correct-v2::868,code_switched,0.3333333333333333,1.0,Qwen,0.2440264133211749,0.15842269941822917,0.43,0.32166666666666666,-0.10833333333333334,BM25,False,0.33529060702087626,0.34327369528876145,0.765,0.8133333333333334,0.04833333333333334,Qwen,True
mteb/ClimateFEVER_test_top_250_only_w_correct-v2::888,code_switched,0.0,0.0,Qwen,0.18695750220531887,0.04857345303139161,0.35333333333333333,0.10666666666666667,-0.24666666666666665,BM25,False,0.35966136710085483,0.3627046343663749,0.9066666666666666,0.9333333333333333,0.026666666666666727,Qwen,True
mteb/ClimateFEVER_test_top_250_only_w_correct-v2::892,code_switched,0.0,0.0,Qwen,0.043478881566120314,0.36955036748652215,0.08333333333333333,0.695,0.6116666666666666,Qwen,True,0.3506775204336225,0.3115152027987105,0.8766666666666667,0.4533333333333333,-0.4233333333333334,BM25,False
mteb/ClimateFEVER_test_top_250_only_w_correct-v2::893,code_switched,0.46927872602275644,0.2960819109658652,BM25,0.4496555852520855,0.09713098765015554,0.7466666666666667,0.21166666666666667,-0.535,BM25,True,0.29902408164360866,0.3368328721969262,0.39166666666666666,0.7683333333333333,0.37666666666666665,Qwen,False
mteb/ClimateFEVER_test_top_250_only_w_correct-v2::904,code_switched,0.6257049680303419,0.7864724919925569,Qwen,0.4615923951472368,0.6700969417781656,0.7683333333333333,0.98,0.21166666666666667,Qwen,True,0.29105864396904757,0.2805029388382285,0.28833333333333333,0.095,-0.19333333333333333,BM25,False
mteb/ClimateFEVER_test_top_250_only_w_correct-v2::906,code_switched,0.3391602052736161,0.45221360703148816,Qwen,0.49178313449203154,0.2508915922284312,0.81,0.5066666666666667,-0.30333333333333334,BM25,False,0.2944767944202529,0.31486169179138046,0.33,0.49333333333333335,0.16333333333333333,Qwen,True
mteb/ClimateFEVER_test_top_250_only_w_correct-v2::917,code_switched,0.0,0.0,Qwen,0.12532891753369976,0.19282027576988903,0.22166666666666668,0.3883333333333333,0.16666666666666663,Qwen,True,0.3535779851335415,0.3500302381528329,0.89,0.8633333333333333,-0.026666666666666727,BM25,False
mteb/ClimateFEVER_test_top_250_only_w_correct-v2::920,code_switched,0.0,0.0,Qwen,0.20515821917976676,0.23753191029056445,0.38,0.48333333333333334,0.10333333333333333,Qwen,True,0.2902416116463478,0.2966036591888814,0.2833333333333333,0.295,0.011666666666666659,Qwen,True
mteb/ClimateFEVER_test_top_250_only_w_correct-v2::925,code_switched,0.0,0.0,Qwen,0.4353458006349818,0.16243823381509237,0.7266666666666667,0.3283333333333333,-0.3983333333333334,BM25,False,0.28539735348227147,0.3174738838662053,0.20833333333333334,0.535,0.32666666666666666,Qwen,True
mteb/ClimateFEVER_test_top_250_only_w_correct-v2::926,code_switched,0.0,0.23463936301137822,Qwen,0.4819749915582213,0.16534197999106864,0.79,0.3333333333333333,-0.4566666666666667,BM25,False,0.27428990551672017,0.3476034117287867,0.07333333333333333,0.8383333333333334,0.765,Qwen,True
mteb/ClimateFEVER_test_top_250_only_w_correct-v2::93,code_switched,0.0,0.0,Qwen,0.4582371425458714,0.18252259878002508,0.7633333333333333,0.36333333333333334,-0.39999999999999997,BM25,False,0.29524467487971506,0.29321026752892826,0.35,0.27,-0.07999999999999996,BM25,False
mteb/ClimateFEVER_test_top_250_only_w_correct-v2::932,code_switched,0.3065735963827292,0.8772153153380493,Qwen,0.2821712034512065,0.07798626624273906,0.49666666666666665,0.16,-0.33666666666666667,BM25,False,0.2969815120457992,0.35074843399247335,0.37,0.8683333333333333,0.4983333333333333,Qwen,True
mteb/ClimateFEVER_test_top_250_only_w_correct-v2::938,code_switched,0.0,0.0,Qwen,0.32570648243610667,0.38093517778214886,0.565,0.7083333333333334,0.14333333333333342,Qwen,True,0.3238804794052452,0.30796852137668473,0.64,0.4033333333333333,-0.2366666666666667,BM25,False
mteb/ClimateFEVER_test_top_250_only_w_correct-v2::939,code_switched,0.0,0.23463936301137822,Qwen,0.18383521064876515,0.04544611825943036,0.3433333333333333,0.09333333333333334,-0.25,BM25,False,0.2843258411349559,0.36444683733820177,0.19,0.9433333333333334,0.7533333333333334,Qwen,True
mteb/ClimateFEVER_test_top_250_only_w_correct-v2::945,code_switched,0.0,0.46927872602275644,Qwen,0.29958532042833586,0.08097558518671091,0.5233333333333333,0.17166666666666666,-0.3516666666666667,BM25,False,0.2926798776638137,0.362333034931875,0.305,0.9283333333333333,0.6233333333333333,Qwen,True
mteb/ClimateFEVER_test_top_250_only_w_correct-v2::95,code_switched,0.0,0.0,Qwen,0.14730324549235974,0.2821403568970576,0.26666666666666666,0.5533333333333333,0.2866666666666667,Qwen,True,0.3152062168410644,0.32326178936007005,0.5483333333333333,0.615,0.06666666666666665,Qwen,True
mteb/ClimateFEVER_test_top_250_only_w_correct-v2::957,code_switched,0.0,0.0,Qwen,0.2629813542858998,0.33362357866374637,0.46166666666666667,0.6433333333333333,0.18166666666666664,Qwen,True,0.32777401078739954,0.3134380809820063,0.685,0.46166666666666667,-0.22333333333333338,BM25,False
mteb/ClimateFEVER_test_top_250_only_w_correct-v2::97,code_switched,0.0,0.0,Qwen,0.06344758113125244,0.15737988462631974,0.115,0.32,0.20500000000000002,Qwen,True,0.3181372033678344,0.34184691952188256,0.5816666666666667,0.8016666666666666,0.21999999999999997,Qwen,True
mteb/ClimateFEVER_test_top_250_only_w_correct-v2::978,code_switched,0.0,0.0,Qwen,0.11506103774493034,0.12237180962712349,0.2,0.25833333333333336,0.05833333333333335,Qwen,True,0.379820430204772,0.3505018123410355,0.9683333333333334,0.865,-0.10333333333333339,BM25,False
mteb/ClimateFEVER_test_top_250_only_w_correct-v2::979,code_switched,0.15642624200758548,0.0,BM25,0.035749974720278126,0.09661137793263362,0.06833333333333333,0.20833333333333334,0.14,Qwen,False,0.3802924796152356,0.31763559289039095,0.9716666666666667,0.5383333333333333,-0.43333333333333335,BM25,True
mteb/ClimateFEVER_test_top_250_only_w_correct-v2::98,code_switched,0.2640681225725909,0.2640681225725909,Qwen,0.14868001764708844,0.28914031848750554,0.27166666666666667,0.5733333333333334,0.3016666666666667,Qwen,True,0.3608633029385611,0.3137009618590453,0.9166666666666666,0.465,-0.4516666666666666,BM25,False
mteb/ClimateFEVER_test_top_250_only_w_correct-v2::982,code_switched,0.0,0.0,Qwen,0.8383919751305078,0.2592864257835279,0.9966666666666667,0.5216666666666666,-0.4750000000000001,BM25,False,0.2809853838968822,0.32987621769293707,0.14166666666666666,0.6866666666666666,0.5449999999999999,Qwen,True
mteb/ClimateFEVER_test_top_250_only_w_correct-v2::983,code_switched,0.0,0.0,Qwen,0.1829492149636486,0.4415628613533085,0.3383333333333333,0.805,0.46666666666666673,Qwen,True,0.3343747293978578,0.2930423482013763,0.76,0.265,-0.495,BM25,False
mteb/ClimateFEVER_test_top_250_only_w_correct-v2::990,code_switched,0.0,0.0,Qwen,0.18876097818964888,0.20862729601025154,0.36,0.425,0.065,Qwen,True,0.2973664105141164,0.34844085809865233,0.37833333333333335,0.8433333333333334,0.465,Qwen,True
mteb/ClimateFEVER_test_top_250_only_w_correct-v2::997,code_switched,0.0,0.18154179253735267,Qwen,0.32569206107579884,0.10680794529926242,0.5633333333333334,0.23,-0.33333333333333337,BM25,False,0.3010841589249562,0.33083980950045744,0.41333333333333333,0.7,0.2866666666666666,Qwen,True
