split,source_query_id,G,analysis_status
FIT,mteb/ClimateFEVER_test_top_250_only_w_correct-v2::1003,-0.2733333333333333,POST-HOC DIAGNOSTICS - NOT SELECTION CRITERIA
FIT,mteb/ClimateFEVER_test_top_250_only_w_correct-v2::1011,0.5333333333333334,POST-HOC DIAGNOSTICS - NOT SELECTION CRITERIA
FIT,mteb/ClimateFEVER_test_top_250_only_w_correct-v2::1017,-0.21,POST-HOC DIAGNOSTICS - NOT SELECTION CRITERIA
FIT,mteb/ClimateFEVER_test_top_250_only_w_correct-v2::1019,-0.42833333333333334,POST-HOC DIAGNOSTICS - NOT SELECTION CRITERIA
FIT,mteb/ClimateFEVER_test_top_250_only_w_correct-v2::1024,-0.6266666666666666,POST-HOC DIAGNOSTICS - NOT SELECTION CRITERIA
FIT,mteb/ClimateFEVER_test_top_250_only_w_correct-v2::1048,0.12166666666666666,POST-HOC DIAGNOSTICS - NOT SELECTION CRITERIA
FIT,mteb/ClimateFEVER_test_top_250_only_w_correct-v2::1049,-0.5283333333333333,POST-HOC DIAGNOSTICS - NOT SELECTION CRITERIA
FIT,mteb/ClimateFEVER_test_top_250_only_w_correct-v2::1052,-0.62,POST-HOC DIAGNOSTICS - NOT SELECTION CRITERIA
FIT,mteb/ClimateFEVER_test_top_250_only_w_correct-v2::1065,0.51,POST-HOC DIAGNOSTICS - NOT SELECTION CRITERIA
FIT,mteb/ClimateFEVER_test_top_250_only_w_correct-v2::1067,0.10499999999999998,POST-HOC DIAGNOSTICS - NOT SELECTION CRITERIA
FIT,mteb/ClimateFEVER_test_top_250_only_w_correct-v2::108,0.6266666666666667,POST-HOC DIAGNOSTICS - NOT SELECTION CRITERIA
FIT,mteb/ClimateFEVER_test_top_250_only_w_correct-v2::1084,0.51,POST-HOC DIAGNOSTICS - NOT SELECTION CRITERIA
FIT,mteb/ClimateFEVER_test_top_250_only_w_correct-v2::1090,-0.16333333333333333,POST-HOC DIAGNOSTICS - NOT SELECTION CRITERIA
FIT,mteb/ClimateFEVER_test_top_250_only_w_correct-v2::1092,0.019999999999999962,POST-HOC DIAGNOSTICS - NOT SELECTION CRITERIA
FIT,mteb/ClimateFEVER_test_top_250_only_w_correct-v2::11,-0.22333333333333333,POST-HOC DIAGNOSTICS - NOT SELECTION CRITERIA
FIT,mteb/ClimateFEVER_test_top_250_only_w_correct-v2::1109,0.6183333333333334,POST-HOC DIAGNOSTICS - NOT SELECTION CRITERIA
FIT,mteb/ClimateFEVER_test_top_250_only_w_correct-v2::1127,0.006666666666666654,POST-HOC DIAGNOSTICS - NOT SELECTION CRITERIA
FIT,mteb/ClimateFEVER_test_top_250_only_w_correct-v2::113,-0.49500000000000005,POST-HOC DIAGNOSTICS - NOT SELECTION CRITERIA
FIT,mteb/ClimateFEVER_test_top_250_only_w_correct-v2::1135,-0.7966666666666666,POST-HOC DIAGNOSTICS - NOT SELECTION CRITERIA
FIT,mteb/ClimateFEVER_test_top_250_only_w_correct-v2::1139,0.2783333333333334,POST-HOC DIAGNOSTICS - NOT SELECTION CRITERIA
FIT,mteb/ClimateFEVER_test_top_250_only_w_correct-v2::1141,-0.6499999999999999,POST-HOC DIAGNOSTICS - NOT SELECTION CRITERIA
FIT,mteb/ClimateFEVER_test_top_250_only_w_correct-v2::1142,0.21666666666666667,POST-HOC DIAGNOSTICS - NOT SELECTION CRITERIA
FIT,mteb/ClimateFEVER_test_top_250_only_w_correct-v2::1143,0.42999999999999994,POST-HOC DIAGNOSTICS - NOT SELECTION CRITERIA
FIT,mteb/ClimateFEVER_test_top_250_only_w_correct-v2::1144,-0.6116666666666666,POST-HOC DIAGNOSTICS - NOT SELECTION CRITERIA
FIT,mteb/ClimateFEVER_test_top_250_only_w_correct-v2::1146,0.046666666666666745,POST-HOC DIAGNOSTICS - NOT SELECTION CRITERIA
FIT,mteb/ClimateFEVER_test_top_250_only_w_correct-v2::1149,0.4666666666666667,POST-HOC DIAGNOSTICS - NOT SELECTION CRITERIA
FIT,mteb/ClimateFEVER_test_top_250_only_w_correct-v2::1151,0.61,POST-HOC DIAGNOSTICS - NOT SELECTION CRITERIA
FIT,mteb/ClimateFEVER_test_top_250_only_w_correct-v2::1154,-0.10833333333333328,POST-HOC DIAGNOSTICS - NOT SELECTION CRITERIA
FIT,mteb/ClimateFEVER_test_top_250_only_w_correct-v2::1155,0.30166666666666664,POST-HOC DIAGNOSTICS - NOT SELECTION CRITERIA
FIT,mteb/ClimateFEVER_test_top_250_only_w_correct-v2::1157,-0.51,POST-HOC DIAGNOSTICS - NOT SELECTION CRITERIA
FIT,mteb/ClimateFEVER_test_top_250_only_w_correct-v2::1164,-0.44166666666666665,POST-HOC DIAGNOSTICS - NOT SELECTION CRITERIA
FIT,mteb/ClimateFEVER_test_top_250_only_w_correct-v2::1188,0.03833333333333344,POST-HOC DIAGNOSTICS - NOT SELECTION CRITERIA
FIT,mteb/ClimateFEVER_test_top_250_only_w_correct-v2::120,-0.08333333333333326,POST-HOC DIAGNOSTICS - NOT SELECTION CRITERIA
FIT,mteb/ClimateFEVER_test_top_250_only_w_correct-v2::1202,-0.08333333333333326,POST-HOC DIAGNOSTICS - NOT SELECTION CRITERIA
FIT,mteb/ClimateFEVER_test_top_250_only_w_correct-v2::1205,-0.05833333333333324,POST-HOC DIAGNOSTICS - NOT SELECTION CRITERIA
FIT,mteb/ClimateFEVER_test_top_250_only_w_correct-v2::1212,-0.2733333333333333,POST-HOC DIAGNOSTICS - NOT SELECTION CRITERIA
FIT,mteb/ClimateFEVER_test_top_250_only_w_correct-v2::1219,-0.6083333333333334,POST-HOC DIAGNOSTICS - NOT SELECTION CRITERIA
FIT,mteb/ClimateFEVER_test_top_250_only_w_correct-v2::1222,-0.1783333333333333,POST-HOC DIAGNOSTICS - NOT SELECTION CRITERIA
FIT,mteb/ClimateFEVER_test_top_250_only_w_correct-v2::1230,0.385,POST-HOC DIAGNOSTICS - NOT SELECTION CRITERIA
FIT,mteb/ClimateFEVER_test_top_250_only_w_correct-v2::1235,-0.825,POST-HOC DIAGNOSTICS - NOT SELECTION CRITERIA
FIT,mteb/ClimateFEVER_test_top_250_only_w_correct-v2::1237,-0.025000000000000022,POST-HOC DIAGNOSTICS - NOT SELECTION CRITERIA
FIT,mteb/ClimateFEVER_test_top_250_only_w_correct-v2::1239,0.14,POST-HOC DIAGNOSTICS - NOT SELECTION CRITERIA
FIT,mteb/ClimateFEVER_test_top_250_only_w_correct-v2::1240,0.2583333333333333,POST-HOC DIAGNOSTICS - NOT SELECTION CRITERIA
FIT,mteb/ClimateFEVER_test_top_250_only_w_correct-v2::1245,-0.2466666666666667,POST-HOC DIAGNOSTICS - NOT SELECTION CRITERIA
FIT,mteb/ClimateFEVER_test_top_250_only_w_correct-v2::1246,-0.33666666666666667,POST-HOC DIAGNOSTICS - NOT SELECTION CRITERIA
FIT,mteb/ClimateFEVER_test_top_250_only_w_correct-v2::1259,0.48,POST-HOC DIAGNOSTICS - NOT SELECTION CRITERIA
FIT,mteb/ClimateFEVER_test_top_250_only_w_correct-v2::126,0.235,POST-HOC DIAGNOSTICS - NOT SELECTION CRITERIA
FIT,mteb/ClimateFEVER_test_top_250_only_w_correct-v2::1260,0.24166666666666667,POST-HOC DIAGNOSTICS - NOT SELECTION CRITERIA
FIT,mteb/ClimateFEVER_test_top_250_only_w_correct-v2::1265,-0.10166666666666663,POST-HOC DIAGNOSTICS - NOT SELECTION CRITERIA
FIT,mteb/ClimateFEVER_test_top_250_only_w_correct-v2::1266,0.15666666666666668,POST-HOC DIAGNOSTICS - NOT SELECTION CRITERIA
FIT,mteb/ClimateFEVER_test_top_250_only_w_correct-v2::1268,0.07000000000000006,POST-HOC DIAGNOSTICS - NOT SELECTION CRITERIA
FIT,mteb/ClimateFEVER_test_top_250_only_w_correct-v2::1273,-0.1233333333333333,POST-HOC DIAGNOSTICS - NOT SELECTION CRITERIA
FIT,mteb/ClimateFEVER_test_top_250_only_w_correct-v2::129,-0.05166666666666664,POST-HOC DIAGNOSTICS - NOT SELECTION CRITERIA
FIT,mteb/ClimateFEVER_test_top_250_only_w_correct-v2::1292,0.035,POST-HOC DIAGNOSTICS - NOT SELECTION CRITERIA
FIT,mteb/ClimateFEVER_test_top_250_only_w_correct-v2::1296,-0.18999999999999995,POST-HOC DIAGNOSTICS - NOT SELECTION CRITERIA
FIT,mteb/ClimateFEVER_test_top_250_only_w_correct-v2::1300,-0.03833333333333333,POST-HOC DIAGNOSTICS - NOT SELECTION CRITERIA
FIT,mteb/ClimateFEVER_test_top_250_only_w_correct-v2::1303,0.4833333333333334,POST-HOC DIAGNOSTICS - NOT SELECTION CRITERIA
FIT,mteb/ClimateFEVER_test_top_250_only_w_correct-v2::1305,0.32166666666666666,POST-HOC DIAGNOSTICS - NOT SELECTION CRITERIA
FIT,mteb/ClimateFEVER_test_top_250_only_w_correct-v2::1307,-0.39,POST-HOC DIAGNOSTICS - NOT SELECTION CRITERIA
FIT,mteb/ClimateFEVER_test_top_250_only_w_correct-v2::1308,0.175,POST-HOC DIAGNOSTICS - NOT SELECTION CRITERIA
FIT,mteb/ClimateFEVER_test_top_250_only_w_correct-v2::1312,-0.5449999999999999,POST-HOC DIAGNOSTICS - NOT SELECTION CRITERIA
FIT,mteb/ClimateFEVER_test_top_250_only_w_correct-v2::1317,0.545,POST-HOC DIAGNOSTICS - NOT SELECTION CRITERIA
FIT,mteb/ClimateFEVER_test_top_250_only_w_correct-v2::132,-0.33666666666666667,POST-HOC DIAGNOSTICS - NOT SELECTION CRITERIA
FIT,mteb/ClimateFEVER_test_top_250_only_w_correct-v2::1324,0.2716666666666666,POST-HOC DIAGNOSTICS - NOT SELECTION CRITERIA
FIT,mteb/ClimateFEVER_test_top_250_only_w_correct-v2::1326,-0.5983333333333333,POST-HOC DIAGNOSTICS - NOT SELECTION CRITERIA
FIT,mteb/ClimateFEVER_test_top_250_only_w_correct-v2::1333,0.13833333333333336,POST-HOC DIAGNOSTICS - NOT SELECTION CRITERIA
FIT,mteb/ClimateFEVER_test_top_250_only_w_correct-v2::1354,-0.3716666666666667,POST-HOC DIAGNOSTICS - NOT SELECTION CRITERIA
FIT,mteb/ClimateFEVER_test_top_250_only_w_correct-v2::1360,-0.335,POST-HOC DIAGNOSTICS - NOT SELECTION CRITERIA
FIT,mteb/ClimateFEVER_test_top_250_only_w_correct-v2::1367,-0.6683333333333333,POST-HOC DIAGNOSTICS - NOT SELECTION CRITERIA
FIT,mteb/ClimateFEVER_test_top_250_only_w_correct-v2::1369,0.16499999999999998,POST-HOC DIAGNOSTICS - NOT SELECTION CRITERIA
FIT,mteb/ClimateFEVER_test_top_250_only_w_correct-v2::1374,-0.255,POST-HOC DIAGNOSTICS - NOT SELECTION CRITERIA
FIT,mteb/ClimateFEVER_test_top_250_only_w_correct-v2::138,0.64,POST-HOC DIAGNOSTICS - NOT SELECTION CRITERIA
FIT,mteb/ClimateFEVER_test_top_250_only_w_correct-v2::1383,-0.010000000000000009,POST-HOC DIAGNOSTICS - NOT SELECTION CRITERIA
FIT,mteb/ClimateFEVER_test_top_250_only_w_correct-v2::139,0.026666666666666672,POST-HOC DIAGNOSTICS - NOT SELECTION CRITERIA
FIT,mteb/ClimateFEVER_test_top_250_only_w_correct-v2::1390,-0.06000000000000001,POST-HOC DIAGNOSTICS - NOT SELECTION CRITERIA
FIT,mteb/ClimateFEVER_test_top_250_only_w_correct-v2::1399,0.135,POST-HOC DIAGNOSTICS - NOT SELECTION CRITERIA
FIT,mteb/ClimateFEVER_test_top_250_only_w_correct-v2::1404,-0.4466666666666667,POST-HOC DIAGNOSTICS - NOT SELECTION CRITERIA
FIT,mteb/ClimateFEVER_test_top_250_only_w_correct-v2::141,-0.4466666666666667,POST-HOC DIAGNOSTICS - NOT SELECTION CRITERIA
FIT,mteb/ClimateFEVER_test_top_250_only_w_correct-v2::1410,-0.1,POST-HOC DIAGNOSTICS - NOT SELECTION CRITERIA
FIT,mteb/ClimateFEVER_test_top_250_only_w_correct-v2::1411,-0.6166666666666667,POST-HOC DIAGNOSTICS - NOT SELECTION CRITERIA
FIT,mteb/ClimateFEVER_test_top_250_only_w_correct-v2::1416,0.22333333333333336,POST-HOC DIAGNOSTICS - NOT SELECTION CRITERIA
FIT,mteb/ClimateFEVER_test_top_250_only_w_correct-v2::142,-0.24666666666666665,POST-HOC DIAGNOSTICS - NOT SELECTION CRITERIA
FIT,mteb/ClimateFEVER_test_top_250_only_w_correct-v2::1421,-0.06,POST-HOC DIAGNOSTICS - NOT SELECTION CRITERIA
FIT,mteb/ClimateFEVER_test_top_250_only_w_correct-v2::1426,0.5383333333333333,POST-HOC DIAGNOSTICS - NOT SELECTION CRITERIA
FIT,mteb/ClimateFEVER_test_top_250_only_w_correct-v2::1430,0.04999999999999993,POST-HOC DIAGNOSTICS - NOT SELECTION CRITERIA
FIT,mteb/ClimateFEVER_test_top_250_only_w_correct-v2::1435,0.6633333333333333,POST-HOC DIAGNOSTICS - NOT SELECTION CRITERIA
FIT,mteb/ClimateFEVER_test_top_250_only_w_correct-v2::1441,0.26666666666666666,POST-HOC DIAGNOSTICS - NOT SELECTION CRITERIA
FIT,mteb/ClimateFEVER_test_top_250_only_w_correct-v2::1444,-0.485,POST-HOC DIAGNOSTICS - NOT SELECTION CRITERIA
FIT,mteb/ClimateFEVER_test_top_250_only_w_correct-v2::1448,0.16000000000000003,POST-HOC DIAGNOSTICS - NOT SELECTION CRITERIA
FIT,mteb/ClimateFEVER_test_top_250_only_w_correct-v2::1449,-0.16166666666666668,POST-HOC DIAGNOSTICS - NOT SELECTION CRITERIA
FIT,mteb/ClimateFEVER_test_top_250_only_w_correct-v2::1451,-0.018333333333333313,POST-HOC DIAGNOSTICS - NOT SELECTION CRITERIA
FIT,mteb/ClimateFEVER_test_top_250_only_w_correct-v2::1453,-0.865,POST-HOC DIAGNOSTICS - NOT SELECTION CRITERIA
FIT,mteb/ClimateFEVER_test_top_250_only_w_correct-v2::1460,-0.20333333333333337,POST-HOC DIAGNOSTICS - NOT SELECTION CRITERIA
FIT,mteb/ClimateFEVER_test_top_250_only_w_correct-v2::1462,0.835,POST-HOC DIAGNOSTICS - NOT SELECTION CRITERIA
FIT,mteb/ClimateFEVER_test_top_250_only_w_correct-v2::1467,0.24166666666666667,POST-HOC DIAGNOSTICS - NOT SELECTION CRITERIA
FIT,mteb/ClimateFEVER_test_top_250_only_w_correct-v2::1473,0.32833333333333325,POST-HOC DIAGNOSTICS - NOT SELECTION CRITERIA
FIT,mteb/ClimateFEVER_test_top_250_only_w_correct-v2::1475,0.7266666666666667,POST-HOC DIAGNOSTICS - NOT SELECTION CRITERIA
FIT,mteb/ClimateFEVER_test_top_250_only_w_correct-v2::148,0.42333333333333334,POST-HOC DIAGNOSTICS - NOT SELECTION CRITERIA
FIT,mteb/ClimateFEVER_test_top_250_only_w_correct-v2::1480,0.09666666666666666,POST-HOC DIAGNOSTICS - NOT SELECTION CRITERIA
FIT,mteb/ClimateFEVER_test_top_250_only_w_correct-v2::1484,-0.6900000000000001,POST-HOC DIAGNOSTICS - NOT SELECTION CRITERIA
FIT,mteb/ClimateFEVER_test_top_250_only_w_correct-v2::1486,0.24,POST-HOC DIAGNOSTICS - NOT SELECTION CRITERIA
FIT,mteb/ClimateFEVER_test_top_250_only_w_correct-v2::1488,0.7833333333333334,POST-HOC DIAGNOSTICS - NOT SELECTION CRITERIA
FIT,mteb/ClimateFEVER_test_top_250_only_w_correct-v2::1492,0.046666666666666745,POST-HOC DIAGNOSTICS - NOT SELECTION CRITERIA
FIT,mteb/ClimateFEVER_test_top_250_only_w_correct-v2::1506,-0.44,POST-HOC DIAGNOSTICS - NOT SELECTION CRITERIA
FIT,mteb/ClimateFEVER_test_top_250_only_w_correct-v2::1512,-0.006666666666666668,POST-HOC DIAGNOSTICS - NOT SELECTION CRITERIA
FIT,mteb/ClimateFEVER_test_top_250_only_w_correct-v2::1513,-0.041666666666666685,POST-HOC DIAGNOSTICS - NOT SELECTION CRITERIA
FIT,mteb/ClimateFEVER_test_top_250_only_w_correct-v2::1516,-0.6033333333333334,POST-HOC DIAGNOSTICS - NOT SELECTION CRITERIA
FIT,mteb/ClimateFEVER_test_top_250_only_w_correct-v2::1525,-0.6883333333333334,POST-HOC DIAGNOSTICS - NOT SELECTION CRITERIA
FIT,mteb/ClimateFEVER_test_top_250_only_w_correct-v2::1529,-0.4933333333333333,POST-HOC DIAGNOSTICS - NOT SELECTION CRITERIA
FIT,mteb/ClimateFEVER_test_top_250_only_w_correct-v2::1531,0.3466666666666667,POST-HOC DIAGNOSTICS - NOT SELECTION CRITERIA
FIT,mteb/ClimateFEVER_test_top_250_only_w_correct-v2::1532,-0.645,POST-HOC DIAGNOSTICS - NOT SELECTION CRITERIA
FIT,mteb/ClimateFEVER_test_top_250_only_w_correct-v2::1533,0.1283333333333334,POST-HOC DIAGNOSTICS - NOT SELECTION CRITERIA
FIT,mteb/ClimateFEVER_test_top_250_only_w_correct-v2::1539,-0.6716666666666666,POST-HOC DIAGNOSTICS - NOT SELECTION CRITERIA
FIT,mteb/ClimateFEVER_test_top_250_only_w_correct-v2::1544,-0.6333333333333333,POST-HOC DIAGNOSTICS - NOT SELECTION CRITERIA
FIT,mteb/ClimateFEVER_test_top_250_only_w_correct-v2::1548,0.03500000000000003,POST-HOC DIAGNOSTICS - NOT SELECTION CRITERIA
FIT,mteb/ClimateFEVER_test_top_250_only_w_correct-v2::1549,0.32333333333333336,POST-HOC DIAGNOSTICS - NOT SELECTION CRITERIA
FIT,mteb/ClimateFEVER_test_top_250_only_w_correct-v2::1553,0.20666666666666667,POST-HOC DIAGNOSTICS - NOT SELECTION CRITERIA
FIT,mteb/ClimateFEVER_test_top_250_only_w_correct-v2::1555,-0.255,POST-HOC DIAGNOSTICS - NOT SELECTION CRITERIA
FIT,mteb/ClimateFEVER_test_top_250_only_w_correct-v2::1567,0.6866666666666666,POST-HOC DIAGNOSTICS - NOT SELECTION CRITERIA
FIT,mteb/ClimateFEVER_test_top_250_only_w_correct-v2::1569,0.30499999999999994,POST-HOC DIAGNOSTICS - NOT SELECTION CRITERIA
FIT,mteb/ClimateFEVER_test_top_250_only_w_correct-v2::1576,0.34833333333333333,POST-HOC DIAGNOSTICS - NOT SELECTION CRITERIA
FIT,mteb/ClimateFEVER_test_top_250_only_w_correct-v2::1579,0.40833333333333327,POST-HOC DIAGNOSTICS - NOT SELECTION CRITERIA
FIT,mteb/ClimateFEVER_test_top_250_only_w_correct-v2::1580,0.24166666666666659,POST-HOC DIAGNOSTICS - NOT SELECTION CRITERIA
FIT,mteb/ClimateFEVER_test_top_250_only_w_correct-v2::1582,-0.12166666666666667,POST-HOC DIAGNOSTICS - NOT SELECTION CRITERIA
FIT,mteb/ClimateFEVER_test_top_250_only_w_correct-v2::1584,-0.3683333333333334,POST-HOC DIAGNOSTICS - NOT SELECTION CRITERIA
FIT,mteb/ClimateFEVER_test_top_250_only_w_correct-v2::1598,0.15500000000000003,POST-HOC DIAGNOSTICS - NOT SELECTION CRITERIA
FIT,mteb/ClimateFEVER_test_top_250_only_w_correct-v2::1601,0.30500000000000005,POST-HOC DIAGNOSTICS - NOT SELECTION CRITERIA
FIT,mteb/ClimateFEVER_test_top_250_only_w_correct-v2::1602,-0.7566666666666666,POST-HOC DIAGNOSTICS - NOT SELECTION CRITERIA
FIT,mteb/ClimateFEVER_test_top_250_only_w_correct-v2::1606,0.4816666666666667,POST-HOC DIAGNOSTICS - NOT SELECTION CRITERIA
FIT,mteb/ClimateFEVER_test_top_250_only_w_correct-v2::1607,-0.175,POST-HOC DIAGNOSTICS - NOT SELECTION CRITERIA
FIT,mteb/ClimateFEVER_test_top_250_only_w_correct-v2::161,-0.06833333333333336,POST-HOC DIAGNOSTICS - NOT SELECTION CRITERIA
FIT,mteb/ClimateFEVER_test_top_250_only_w_correct-v2::1614,0.4116666666666667,POST-HOC DIAGNOSTICS - NOT SELECTION CRITERIA
FIT,mteb/ClimateFEVER_test_top_250_only_w_correct-v2::1615,-0.4066666666666667,POST-HOC DIAGNOSTICS - NOT SELECTION CRITERIA
FIT,mteb/ClimateFEVER_test_top_250_only_w_correct-v2::1616,0.06499999999999995,POST-HOC DIAGNOSTICS - NOT SELECTION CRITERIA
FIT,mteb/ClimateFEVER_test_top_250_only_w_correct-v2::1617,-0.9266666666666667,POST-HOC DIAGNOSTICS - NOT SELECTION CRITERIA
FIT,mteb/ClimateFEVER_test_top_250_only_w_correct-v2::1625,0.45499999999999996,POST-HOC DIAGNOSTICS - NOT SELECTION CRITERIA
FIT,mteb/ClimateFEVER_test_top_250_only_w_correct-v2::163,0.1333333333333333,POST-HOC DIAGNOSTICS - NOT SELECTION CRITERIA
FIT,mteb/ClimateFEVER_test_top_250_only_w_correct-v2::1631,-0.04500000000000004,POST-HOC DIAGNOSTICS - NOT SELECTION CRITERIA
FIT,mteb/ClimateFEVER_test_top_250_only_w_correct-v2::1640,-0.0050000000000000044,POST-HOC DIAGNOSTICS - NOT SELECTION CRITERIA
FIT,mteb/ClimateFEVER_test_top_250_only_w_correct-v2::1648,0.2383333333333333,POST-HOC DIAGNOSTICS - NOT SELECTION CRITERIA
FIT,mteb/ClimateFEVER_test_top_250_only_w_correct-v2::1652,-0.53,POST-HOC DIAGNOSTICS - NOT SELECTION CRITERIA
FIT,mteb/ClimateFEVER_test_top_250_only_w_correct-v2::1653,0.05999999999999994,POST-HOC DIAGNOSTICS - NOT SELECTION CRITERIA
FIT,mteb/ClimateFEVER_test_top_250_only_w_correct-v2::1654,-0.5533333333333333,POST-HOC DIAGNOSTICS - NOT SELECTION CRITERIA
FIT,mteb/ClimateFEVER_test_top_250_only_w_correct-v2::1656,0.22333333333333333,POST-HOC DIAGNOSTICS - NOT SELECTION CRITERIA
FIT,mteb/ClimateFEVER_test_top_250_only_w_correct-v2::1658,-0.3366666666666667,POST-HOC DIAGNOSTICS - NOT SELECTION CRITERIA
FIT,mteb/ClimateFEVER_test_top_250_only_w_correct-v2::1659,0.41,POST-HOC DIAGNOSTICS - NOT SELECTION CRITERIA
FIT,mteb/ClimateFEVER_test_top_250_only_w_correct-v2::1660,0.7416666666666667,POST-HOC DIAGNOSTICS - NOT SELECTION CRITERIA
FIT,mteb/ClimateFEVER_test_top_250_only_w_correct-v2::1662,-0.12666666666666665,POST-HOC DIAGNOSTICS - NOT SELECTION CRITERIA
FIT,mteb/ClimateFEVER_test_top_250_only_w_correct-v2::1665,0.37333333333333335,POST-HOC DIAGNOSTICS - NOT SELECTION CRITERIA
FIT,mteb/ClimateFEVER_test_top_250_only_w_correct-v2::1668,0.15833333333333335,POST-HOC DIAGNOSTICS - NOT SELECTION CRITERIA
FIT,mteb/ClimateFEVER_test_top_250_only_w_correct-v2::1669,0.02166666666666668,POST-HOC DIAGNOSTICS - NOT SELECTION CRITERIA
FIT,mteb/ClimateFEVER_test_top_250_only_w_correct-v2::1670,-0.42333333333333334,POST-HOC DIAGNOSTICS - NOT SELECTION CRITERIA
FIT,mteb/ClimateFEVER_test_top_250_only_w_correct-v2::1673,-0.2883333333333334,POST-HOC DIAGNOSTICS - NOT SELECTION CRITERIA
FIT,mteb/ClimateFEVER_test_top_250_only_w_correct-v2::1675,-0.25,POST-HOC DIAGNOSTICS - NOT SELECTION CRITERIA
FIT,mteb/ClimateFEVER_test_top_250_only_w_correct-v2::1692,-0.8666666666666667,POST-HOC DIAGNOSTICS - NOT SELECTION CRITERIA
FIT,mteb/ClimateFEVER_test_top_250_only_w_correct-v2::1700,0.37333333333333335,POST-HOC DIAGNOSTICS - NOT SELECTION CRITERIA
FIT,mteb/ClimateFEVER_test_top_250_only_w_correct-v2::1703,-0.8200000000000001,POST-HOC DIAGNOSTICS - NOT SELECTION CRITERIA
FIT,mteb/ClimateFEVER_test_top_250_only_w_correct-v2::1705,0.08166666666666667,POST-HOC DIAGNOSTICS - NOT SELECTION CRITERIA
FIT,mteb/ClimateFEVER_test_top_250_only_w_correct-v2::1707,-0.016666666666666607,POST-HOC DIAGNOSTICS - NOT SELECTION CRITERIA
FIT,mteb/ClimateFEVER_test_top_250_only_w_correct-v2::1708,0.3683333333333333,POST-HOC DIAGNOSTICS - NOT SELECTION CRITERIA
FIT,mteb/ClimateFEVER_test_top_250_only_w_correct-v2::1715,-0.5633333333333334,POST-HOC DIAGNOSTICS - NOT SELECTION CRITERIA
FIT,mteb/ClimateFEVER_test_top_250_only_w_correct-v2::1725,-0.11833333333333333,POST-HOC DIAGNOSTICS - NOT SELECTION CRITERIA
FIT,mteb/ClimateFEVER_test_top_250_only_w_correct-v2::173,0.008333333333333304,POST-HOC DIAGNOSTICS - NOT SELECTION CRITERIA
FIT,mteb/ClimateFEVER_test_top_250_only_w_correct-v2::1741,0.4066666666666666,POST-HOC DIAGNOSTICS - NOT SELECTION CRITERIA
FIT,mteb/ClimateFEVER_test_top_250_only_w_correct-v2::1745,-0.23500000000000001,POST-HOC DIAGNOSTICS - NOT SELECTION CRITERIA
FIT,mteb/ClimateFEVER_test_top_250_only_w_correct-v2::1747,-0.4033333333333333,POST-HOC DIAGNOSTICS - NOT SELECTION CRITERIA
FIT,mteb/ClimateFEVER_test_top_250_only_w_correct-v2::1751,-0.6633333333333333,POST-HOC DIAGNOSTICS - NOT SELECTION CRITERIA
FIT,mteb/ClimateFEVER_test_top_250_only_w_correct-v2::1756,0.6433333333333334,POST-HOC DIAGNOSTICS - NOT SELECTION CRITERIA
FIT,mteb/ClimateFEVER_test_top_250_only_w_correct-v2::1758,-0.07500000000000007,POST-HOC DIAGNOSTICS - NOT SELECTION CRITERIA
FIT,mteb/ClimateFEVER_test_top_250_only_w_correct-v2::1761,0.07666666666666666,POST-HOC DIAGNOSTICS - NOT SELECTION CRITERIA
FIT,mteb/ClimateFEVER_test_top_250_only_w_correct-v2::1765,-0.17000000000000004,POST-HOC DIAGNOSTICS - NOT SELECTION CRITERIA
FIT,mteb/ClimateFEVER_test_top_250_only_w_correct-v2::1769,0.023333333333333373,POST-HOC DIAGNOSTICS - NOT SELECTION CRITERIA
FIT,mteb/ClimateFEVER_test_top_250_only_w_correct-v2::1771,-0.5466666666666666,POST-HOC DIAGNOSTICS - NOT SELECTION CRITERIA
FIT,mteb/ClimateFEVER_test_top_250_only_w_correct-v2::1782,-0.10333333333333328,POST-HOC DIAGNOSTICS - NOT SELECTION CRITERIA
FIT,mteb/ClimateFEVER_test_top_250_only_w_correct-v2::1789,0.9383333333333334,POST-HOC DIAGNOSTICS - NOT SELECTION CRITERIA
FIT,mteb/ClimateFEVER_test_top_250_only_w_correct-v2::1790,-0.9416666666666667,POST-HOC DIAGNOSTICS - NOT SELECTION CRITERIA
FIT,mteb/ClimateFEVER_test_top_250_only_w_correct-v2::1793,0.13166666666666665,POST-HOC DIAGNOSTICS - NOT SELECTION CRITERIA
FIT,mteb/ClimateFEVER_test_top_250_only_w_correct-v2::1794,-0.8866666666666667,POST-HOC DIAGNOSTICS - NOT SELECTION CRITERIA
FIT,mteb/ClimateFEVER_test_top_250_only_w_correct-v2::1796,0.47,POST-HOC DIAGNOSTICS - NOT SELECTION CRITERIA
FIT,mteb/ClimateFEVER_test_top_250_only_w_correct-v2::1798,-0.2533333333333333,POST-HOC DIAGNOSTICS - NOT SELECTION CRITERIA
FIT,mteb/ClimateFEVER_test_top_250_only_w_correct-v2::180,0.21333333333333337,POST-HOC DIAGNOSTICS - NOT SELECTION CRITERIA
FIT,mteb/ClimateFEVER_test_top_250_only_w_correct-v2::1802,0.7566666666666666,POST-HOC DIAGNOSTICS - NOT SELECTION CRITERIA
FIT,mteb/ClimateFEVER_test_top_250_only_w_correct-v2::1807,-0.3616666666666667,POST-HOC DIAGNOSTICS - NOT SELECTION CRITERIA
FIT,mteb/ClimateFEVER_test_top_250_only_w_correct-v2::1815,0.6083333333333334,POST-HOC DIAGNOSTICS - NOT SELECTION CRITERIA
FIT,mteb/ClimateFEVER_test_top_250_only_w_correct-v2::1821,0.18999999999999995,POST-HOC DIAGNOSTICS - NOT SELECTION CRITERIA
FIT,mteb/ClimateFEVER_test_top_250_only_w_correct-v2::1822,0.6466666666666667,POST-HOC DIAGNOSTICS - NOT SELECTION CRITERIA
FIT,mteb/ClimateFEVER_test_top_250_only_w_correct-v2::1824,0.3666666666666667,POST-HOC DIAGNOSTICS - NOT SELECTION CRITERIA
FIT,mteb/ClimateFEVER_test_top_250_only_w_correct-v2::1825,-0.7533333333333334,POST-HOC DIAGNOSTICS - NOT SELECTION CRITERIA
FIT,mteb/ClimateFEVER_test_top_250_only_w_correct-v2::1829,0.7416666666666667,POST-HOC DIAGNOSTICS - NOT SELECTION CRITERIA
FIT,mteb/ClimateFEVER_test_top_250_only_w_correct-v2::1830,0.29500000000000004,POST-HOC DIAGNOSTICS - NOT SELECTION CRITERIA
FIT,mteb/ClimateFEVER_test_top_250_only_w_correct-v2::1837,-0.205,POST-HOC DIAGNOSTICS - NOT SELECTION CRITERIA
FIT,mteb/ClimateFEVER_test_top_250_only_w_correct-v2::1842,-0.5083333333333333,POST-HOC DIAGNOSTICS - NOT SELECTION CRITERIA
FIT,mteb/ClimateFEVER_test_top_250_only_w_correct-v2::185,0.046666666666666634,POST-HOC DIAGNOSTICS - NOT SELECTION CRITERIA
FIT,mteb/ClimateFEVER_test_top_250_only_w_correct-v2::1850,0.5,POST-HOC DIAGNOSTICS - NOT SELECTION CRITERIA
FIT,mteb/ClimateFEVER_test_top_250_only_w_correct-v2::1851,-0.30333333333333334,POST-HOC DIAGNOSTICS - NOT SELECTION CRITERIA
FIT,mteb/ClimateFEVER_test_top_250_only_w_correct-v2::1853,-0.4416666666666667,POST-HOC DIAGNOSTICS - NOT SELECTION CRITERIA
FIT,mteb/ClimateFEVER_test_top_250_only_w_correct-v2::1854,-0.03666666666666668,POST-HOC DIAGNOSTICS - NOT SELECTION CRITERIA
FIT,mteb/ClimateFEVER_test_top_250_only_w_correct-v2::1861,-0.505,POST-HOC DIAGNOSTICS - NOT SELECTION CRITERIA
FIT,mteb/ClimateFEVER_test_top_250_only_w_correct-v2::1865,-0.03499999999999992,POST-HOC DIAGNOSTICS - NOT SELECTION CRITERIA
FIT,mteb/ClimateFEVER_test_top_250_only_w_correct-v2::1869,0.9349999999999999,POST-HOC DIAGNOSTICS - NOT SELECTION CRITERIA
FIT,mteb/ClimateFEVER_test_top_250_only_w_correct-v2::1872,-0.17499999999999993,POST-HOC DIAGNOSTICS - NOT SELECTION CRITERIA
FIT,mteb/ClimateFEVER_test_top_250_only_w_correct-v2::1874,0.07666666666666666,POST-HOC DIAGNOSTICS - NOT SELECTION CRITERIA
FIT,mteb/ClimateFEVER_test_top_250_only_w_correct-v2::1877,-0.8550000000000001,POST-HOC DIAGNOSTICS - NOT SELECTION CRITERIA
FIT,mteb/ClimateFEVER_test_top_250_only_w_correct-v2::1878,-0.535,POST-HOC DIAGNOSTICS - NOT SELECTION CRITERIA
FIT,mteb/ClimateFEVER_test_top_250_only_w_correct-v2::1880,-0.7066666666666667,POST-HOC DIAGNOSTICS - NOT SELECTION CRITERIA
FIT,mteb/ClimateFEVER_test_top_250_only_w_correct-v2::1882,0.8516666666666667,POST-HOC DIAGNOSTICS - NOT SELECTION CRITERIA
FIT,mteb/ClimateFEVER_test_top_250_only_w_correct-v2::1890,-0.26666666666666666,POST-HOC DIAGNOSTICS - NOT SELECTION CRITERIA
FIT,mteb/ClimateFEVER_test_top_250_only_w_correct-v2::1893,0.07166666666666671,POST-HOC DIAGNOSTICS - NOT SELECTION CRITERIA
FIT,mteb/ClimateFEVER_test_top_250_only_w_correct-v2::19,0.43333333333333335,POST-HOC DIAGNOSTICS - NOT SELECTION CRITERIA
FIT,mteb/ClimateFEVER_test_top_250_only_w_correct-v2::1901,-0.365,POST-HOC DIAGNOSTICS - NOT SELECTION CRITERIA
FIT,mteb/ClimateFEVER_test_top_250_only_w_correct-v2::1908,0.22833333333333333,POST-HOC DIAGNOSTICS - NOT SELECTION CRITERIA
FIT,mteb/ClimateFEVER_test_top_250_only_w_correct-v2::1909,0.0050000000000000044,POST-HOC DIAGNOSTICS - NOT SELECTION CRITERIA
FIT,mteb/ClimateFEVER_test_top_250_only_w_correct-v2::1910,0.51,POST-HOC DIAGNOSTICS - NOT SELECTION CRITERIA
FIT,mteb/ClimateFEVER_test_top_250_only_w_correct-v2::1912,-0.018333333333333313,POST-HOC DIAGNOSTICS - NOT SELECTION CRITERIA
FIT,mteb/ClimateFEVER_test_top_250_only_w_correct-v2::1919,0.06333333333333335,POST-HOC DIAGNOSTICS - NOT SELECTION CRITERIA
FIT,mteb/ClimateFEVER_test_top_250_only_w_correct-v2::1923,-0.013333333333333336,POST-HOC DIAGNOSTICS - NOT SELECTION CRITERIA
FIT,mteb/ClimateFEVER_test_top_250_only_w_correct-v2::1933,-0.13,POST-HOC DIAGNOSTICS - NOT SELECTION CRITERIA
FIT,mteb/ClimateFEVER_test_top_250_only_w_correct-v2::1938,-0.033333333333333326,POST-HOC DIAGNOSTICS - NOT SELECTION CRITERIA
FIT,mteb/ClimateFEVER_test_top_250_only_w_correct-v2::1943,0.14,POST-HOC DIAGNOSTICS - NOT SELECTION CRITERIA
FIT,mteb/ClimateFEVER_test_top_250_only_w_correct-v2::1944,-0.31333333333333335,POST-HOC DIAGNOSTICS - NOT SELECTION CRITERIA
FIT,mteb/ClimateFEVER_test_top_250_only_w_correct-v2::1951,-0.55,POST-HOC DIAGNOSTICS - NOT SELECTION CRITERIA
FIT,mteb/ClimateFEVER_test_top_250_only_w_correct-v2::1953,-0.18833333333333335,POST-HOC DIAGNOSTICS - NOT SELECTION CRITERIA
FIT,mteb/ClimateFEVER_test_top_250_only_w_correct-v2::1960,-0.3616666666666667,POST-HOC DIAGNOSTICS - NOT SELECTION CRITERIA
FIT,mteb/ClimateFEVER_test_top_250_only_w_correct-v2::197,0.15000000000000002,POST-HOC DIAGNOSTICS - NOT SELECTION CRITERIA
FIT,mteb/ClimateFEVER_test_top_250_only_w_correct-v2::1973,0.20833333333333326,POST-HOC DIAGNOSTICS - NOT SELECTION CRITERIA
FIT,mteb/ClimateFEVER_test_top_250_only_w_correct-v2::1975,-0.135,POST-HOC DIAGNOSTICS - NOT SELECTION CRITERIA
FIT,mteb/ClimateFEVER_test_top_250_only_w_correct-v2::1977,0.0016666666666665941,POST-HOC DIAGNOSTICS - NOT SELECTION CRITERIA
FIT,mteb/ClimateFEVER_test_top_250_only_w_correct-v2::1983,0.5866666666666667,POST-HOC DIAGNOSTICS - NOT SELECTION CRITERIA
FIT,mteb/ClimateFEVER_test_top_250_only_w_correct-v2::1985,0.6383333333333333,POST-HOC DIAGNOSTICS - NOT SELECTION CRITERIA
FIT,mteb/ClimateFEVER_test_top_250_only_w_correct-v2::1987,0.8533333333333333,POST-HOC DIAGNOSTICS - NOT SELECTION CRITERIA
FIT,mteb/ClimateFEVER_test_top_250_only_w_correct-v2::1996,-0.06166666666666665,POST-HOC DIAGNOSTICS - NOT SELECTION CRITERIA
FIT,mteb/ClimateFEVER_test_top_250_only_w_correct-v2::1998,0.9533333333333333,POST-HOC DIAGNOSTICS - NOT SELECTION CRITERIA
FIT,mteb/ClimateFEVER_test_top_250_only_w_correct-v2::1999,-0.21833333333333338,POST-HOC DIAGNOSTICS - NOT SELECTION CRITERIA
FIT,mteb/ClimateFEVER_test_top_250_only_w_correct-v2::200,-0.6166666666666667,POST-HOC DIAGNOSTICS - NOT SELECTION CRITERIA
FIT,mteb/ClimateFEVER_test_top_250_only_w_correct-v2::2000,0.07666666666666666,POST-HOC DIAGNOSTICS - NOT SELECTION CRITERIA
FIT,mteb/ClimateFEVER_test_top_250_only_w_correct-v2::2004,0.6666666666666666,POST-HOC DIAGNOSTICS - NOT SELECTION CRITERIA
FIT,mteb/ClimateFEVER_test_top_250_only_w_correct-v2::2008,-0.0016666666666667052,POST-HOC DIAGNOSTICS - NOT SELECTION CRITERIA
FIT,mteb/ClimateFEVER_test_top_250_only_w_correct-v2::2009,-0.35166666666666657,POST-HOC DIAGNOSTICS - NOT SELECTION CRITERIA
FIT,mteb/ClimateFEVER_test_top_250_only_w_correct-v2::2012,-0.21000000000000002,POST-HOC DIAGNOSTICS - NOT SELECTION CRITERIA
FIT,mteb/ClimateFEVER_test_top_250_only_w_correct-v2::2020,0.14,POST-HOC DIAGNOSTICS - NOT SELECTION CRITERIA
FIT,mteb/ClimateFEVER_test_top_250_only_w_correct-v2::2024,0.03166666666666673,POST-HOC DIAGNOSTICS - NOT SELECTION CRITERIA
FIT,mteb/ClimateFEVER_test_top_250_only_w_correct-v2::2027,0.775,POST-HOC DIAGNOSTICS - NOT SELECTION CRITERIA
FIT,mteb/ClimateFEVER_test_top_250_only_w_correct-v2::2029,0.445,POST-HOC DIAGNOSTICS - NOT SELECTION CRITERIA
FIT,mteb/ClimateFEVER_test_top_250_only_w_correct-v2::2036,0.22500000000000003,POST-HOC DIAGNOSTICS - NOT SELECTION CRITERIA
FIT,mteb/ClimateFEVER_test_top_250_only_w_correct-v2::2041,-0.07666666666666666,POST-HOC DIAGNOSTICS - NOT SELECTION CRITERIA
FIT,mteb/ClimateFEVER_test_top_250_only_w_correct-v2::2042,-0.55,POST-HOC DIAGNOSTICS - NOT SELECTION CRITERIA
FIT,mteb/ClimateFEVER_test_top_250_only_w_correct-v2::2047,-0.05666666666666664,POST-HOC DIAGNOSTICS - NOT SELECTION CRITERIA
FIT,mteb/ClimateFEVER_test_top_250_only_w_correct-v2::2048,0.28500000000000003,POST-HOC DIAGNOSTICS - NOT SELECTION CRITERIA
FIT,mteb/ClimateFEVER_test_top_250_only_w_correct-v2::2049,0.16833333333333333,POST-HOC DIAGNOSTICS - NOT SELECTION CRITERIA
FIT,mteb/ClimateFEVER_test_top_250_only_w_correct-v2::2059,-0.14499999999999996,POST-HOC DIAGNOSTICS - NOT SELECTION CRITERIA
FIT,mteb/ClimateFEVER_test_top_250_only_w_correct-v2::2062,0.19166666666666665,POST-HOC DIAGNOSTICS - NOT SELECTION CRITERIA
FIT,mteb/ClimateFEVER_test_top_250_only_w_correct-v2::2065,-0.2366666666666667,POST-HOC DIAGNOSTICS - NOT SELECTION CRITERIA
FIT,mteb/ClimateFEVER_test_top_250_only_w_correct-v2::2067,-0.25999999999999995,POST-HOC DIAGNOSTICS - NOT SELECTION CRITERIA
FIT,mteb/ClimateFEVER_test_top_250_only_w_correct-v2::2068,0.4883333333333333,POST-HOC DIAGNOSTICS - NOT SELECTION CRITERIA
FIT,mteb/ClimateFEVER_test_top_250_only_w_correct-v2::2071,0.39499999999999996,POST-HOC DIAGNOSTICS - NOT SELECTION CRITERIA
FIT,mteb/ClimateFEVER_test_top_250_only_w_correct-v2::2075,-0.37666666666666665,POST-HOC DIAGNOSTICS - NOT SELECTION CRITERIA
FIT,mteb/ClimateFEVER_test_top_250_only_w_correct-v2::2076,0.05499999999999994,POST-HOC DIAGNOSTICS - NOT SELECTION CRITERIA
FIT,mteb/ClimateFEVER_test_top_250_only_w_correct-v2::2078,0.03166666666666662,POST-HOC DIAGNOSTICS - NOT SELECTION CRITERIA
FIT,mteb/ClimateFEVER_test_top_250_only_w_correct-v2::2081,-0.8666666666666667,POST-HOC DIAGNOSTICS - NOT SELECTION CRITERIA
FIT,mteb/ClimateFEVER_test_top_250_only_w_correct-v2::2084,0.01999999999999999,POST-HOC DIAGNOSTICS - NOT SELECTION CRITERIA
FIT,mteb/ClimateFEVER_test_top_250_only_w_correct-v2::2086,0.1233333333333333,POST-HOC DIAGNOSTICS - NOT SELECTION CRITERIA
FIT,mteb/ClimateFEVER_test_top_250_only_w_correct-v2::2092,0.3933333333333333,POST-HOC DIAGNOSTICS - NOT SELECTION CRITERIA
FIT,mteb/ClimateFEVER_test_top_250_only_w_correct-v2::2093,0.6716666666666666,POST-HOC DIAGNOSTICS - NOT SELECTION CRITERIA
FIT,mteb/ClimateFEVER_test_top_250_only_w_correct-v2::2096,0.6966666666666667,POST-HOC DIAGNOSTICS - NOT SELECTION CRITERIA
FIT,mteb/ClimateFEVER_test_top_250_only_w_correct-v2::211,0.2616666666666667,POST-HOC DIAGNOSTICS - NOT SELECTION CRITERIA
FIT,mteb/ClimateFEVER_test_top_250_only_w_correct-v2::2117,-0.07166666666666677,POST-HOC DIAGNOSTICS - NOT SELECTION CRITERIA
FIT,mteb/ClimateFEVER_test_top_250_only_w_correct-v2::2119,-0.19666666666666666,POST-HOC DIAGNOSTICS - NOT SELECTION CRITERIA
FIT,mteb/ClimateFEVER_test_top_250_only_w_correct-v2::2121,-0.10166666666666657,POST-HOC DIAGNOSTICS - NOT SELECTION CRITERIA
FIT,mteb/ClimateFEVER_test_top_250_only_w_correct-v2::2123,-0.6283333333333333,POST-HOC DIAGNOSTICS - NOT SELECTION CRITERIA
FIT,mteb/ClimateFEVER_test_top_250_only_w_correct-v2::2130,0.22499999999999998,POST-HOC DIAGNOSTICS - NOT SELECTION CRITERIA
FIT,mteb/ClimateFEVER_test_top_250_only_w_correct-v2::2132,-0.45499999999999996,POST-HOC DIAGNOSTICS - NOT SELECTION CRITERIA
FIT,mteb/ClimateFEVER_test_top_250_only_w_correct-v2::2136,-0.5766666666666667,POST-HOC DIAGNOSTICS - NOT SELECTION CRITERIA
FIT,mteb/ClimateFEVER_test_top_250_only_w_correct-v2::214,-0.5316666666666667,POST-HOC DIAGNOSTICS - NOT SELECTION CRITERIA
FIT,mteb/ClimateFEVER_test_top_250_only_w_correct-v2::2141,-0.5383333333333333,POST-HOC DIAGNOSTICS - NOT SELECTION CRITERIA
FIT,mteb/ClimateFEVER_test_top_250_only_w_correct-v2::2142,-0.10666666666666669,POST-HOC DIAGNOSTICS - NOT SELECTION CRITERIA
FIT,mteb/ClimateFEVER_test_top_250_only_w_correct-v2::2150,0.615,POST-HOC DIAGNOSTICS - NOT SELECTION CRITERIA
FIT,mteb/ClimateFEVER_test_top_250_only_w_correct-v2::2152,0.15833333333333338,POST-HOC DIAGNOSTICS - NOT SELECTION CRITERIA
FIT,mteb/ClimateFEVER_test_top_250_only_w_correct-v2::2153,-0.2583333333333333,POST-HOC DIAGNOSTICS - NOT SELECTION CRITERIA
FIT,mteb/ClimateFEVER_test_top_250_only_w_correct-v2::2161,-0.08666666666666664,POST-HOC DIAGNOSTICS - NOT SELECTION CRITERIA
FIT,mteb/ClimateFEVER_test_top_250_only_w_correct-v2::2163,0.1866666666666667,POST-HOC DIAGNOSTICS - NOT SELECTION CRITERIA
FIT,mteb/ClimateFEVER_test_top_250_only_w_correct-v2::2164,-0.16000000000000003,POST-HOC DIAGNOSTICS - NOT SELECTION CRITERIA
FIT,mteb/ClimateFEVER_test_top_250_only_w_correct-v2::2165,-0.6733333333333333,POST-HOC DIAGNOSTICS - NOT SELECTION CRITERIA
FIT,mteb/ClimateFEVER_test_top_250_only_w_correct-v2::2170,-0.18333333333333335,POST-HOC DIAGNOSTICS - NOT SELECTION CRITERIA
FIT,mteb/ClimateFEVER_test_top_250_only_w_correct-v2::2178,0.7083333333333334,POST-HOC DIAGNOSTICS - NOT SELECTION CRITERIA
FIT,mteb/ClimateFEVER_test_top_250_only_w_correct-v2::2181,0.3433333333333333,POST-HOC DIAGNOSTICS - NOT SELECTION CRITERIA
FIT,mteb/ClimateFEVER_test_top_250_only_w_correct-v2::2184,0.27666666666666667,POST-HOC DIAGNOSTICS - NOT SELECTION CRITERIA
FIT,mteb/ClimateFEVER_test_top_250_only_w_correct-v2::2187,0.07166666666666666,POST-HOC DIAGNOSTICS - NOT SELECTION CRITERIA
FIT,mteb/ClimateFEVER_test_top_250_only_w_correct-v2::2193,0.09833333333333333,POST-HOC DIAGNOSTICS - NOT SELECTION CRITERIA
FIT,mteb/ClimateFEVER_test_top_250_only_w_correct-v2::2201,-0.5383333333333333,POST-HOC DIAGNOSTICS - NOT SELECTION CRITERIA
FIT,mteb/ClimateFEVER_test_top_250_only_w_correct-v2::2202,-0.06666666666666665,POST-HOC DIAGNOSTICS - NOT SELECTION CRITERIA
FIT,mteb/ClimateFEVER_test_top_250_only_w_correct-v2::2206,0.045,POST-HOC DIAGNOSTICS - NOT SELECTION CRITERIA
FIT,mteb/ClimateFEVER_test_top_250_only_w_correct-v2::2208,0.315,POST-HOC DIAGNOSTICS - NOT SELECTION CRITERIA
FIT,mteb/ClimateFEVER_test_top_250_only_w_correct-v2::2212,0.05999999999999994,POST-HOC DIAGNOSTICS - NOT SELECTION CRITERIA
FIT,mteb/ClimateFEVER_test_top_250_only_w_correct-v2::2214,0.4333333333333333,POST-HOC DIAGNOSTICS - NOT SELECTION CRITERIA
FIT,mteb/ClimateFEVER_test_top_250_only_w_correct-v2::2223,0.3983333333333333,POST-HOC DIAGNOSTICS - NOT SELECTION CRITERIA
FIT,mteb/ClimateFEVER_test_top_250_only_w_correct-v2::2229,0.1233333333333333,POST-HOC DIAGNOSTICS - NOT SELECTION CRITERIA
FIT,mteb/ClimateFEVER_test_top_250_only_w_correct-v2::2238,-0.06833333333333336,POST-HOC DIAGNOSTICS - NOT SELECTION CRITERIA
FIT,mteb/ClimateFEVER_test_top_250_only_w_correct-v2::2243,-0.7633333333333333,POST-HOC DIAGNOSTICS - NOT SELECTION CRITERIA
FIT,mteb/ClimateFEVER_test_top_250_only_w_correct-v2::2244,0.58,POST-HOC DIAGNOSTICS - NOT SELECTION CRITERIA
FIT,mteb/ClimateFEVER_test_top_250_only_w_correct-v2::2246,0.345,POST-HOC DIAGNOSTICS - NOT SELECTION CRITERIA
FIT,mteb/ClimateFEVER_test_top_250_only_w_correct-v2::2248,0.795,POST-HOC DIAGNOSTICS - NOT SELECTION CRITERIA
FIT,mteb/ClimateFEVER_test_top_250_only_w_correct-v2::2260,0.3383333333333334,POST-HOC DIAGNOSTICS - NOT SELECTION CRITERIA
FIT,mteb/ClimateFEVER_test_top_250_only_w_correct-v2::2261,-0.0733333333333333,POST-HOC DIAGNOSTICS - NOT SELECTION CRITERIA
FIT,mteb/ClimateFEVER_test_top_250_only_w_correct-v2::2263,0.24166666666666664,POST-HOC DIAGNOSTICS - NOT SELECTION CRITERIA
FIT,mteb/ClimateFEVER_test_top_250_only_w_correct-v2::2267,-0.17166666666666663,POST-HOC DIAGNOSTICS - NOT SELECTION CRITERIA
FIT,mteb/ClimateFEVER_test_top_250_only_w_correct-v2::2275,0.32166666666666666,POST-HOC DIAGNOSTICS - NOT SELECTION CRITERIA
FIT,mteb/ClimateFEVER_test_top_250_only_w_correct-v2::2283,-0.04499999999999993,POST-HOC DIAGNOSTICS - NOT SELECTION CRITERIA
FIT,mteb/ClimateFEVER_test_top_250_only_w_correct-v2::2293,0.2716666666666666,POST-HOC DIAGNOSTICS - NOT SELECTION CRITERIA
FIT,mteb/ClimateFEVER_test_top_250_only_w_correct-v2::2302,-0.29500000000000004,POST-HOC DIAGNOSTICS - NOT SELECTION CRITERIA
FIT,mteb/ClimateFEVER_test_top_250_only_w_correct-v2::2305,-0.43166666666666664,POST-HOC DIAGNOSTICS - NOT SELECTION CRITERIA
FIT,mteb/ClimateFEVER_test_top_250_only_w_correct-v2::2308,-0.5583333333333333,POST-HOC DIAGNOSTICS - NOT SELECTION CRITERIA
FIT,mteb/ClimateFEVER_test_top_250_only_w_correct-v2::2317,0.295,POST-HOC DIAGNOSTICS - NOT SELECTION CRITERIA
FIT,mteb/ClimateFEVER_test_top_250_only_w_correct-v2::2320,0.05833333333333335,POST-HOC DIAGNOSTICS - NOT SELECTION CRITERIA
FIT,mteb/ClimateFEVER_test_top_250_only_w_correct-v2::2329,-0.22833333333333336,POST-HOC DIAGNOSTICS - NOT SELECTION CRITERIA
FIT,mteb/ClimateFEVER_test_top_250_only_w_correct-v2::2335,0.06666666666666671,POST-HOC DIAGNOSTICS - NOT SELECTION CRITERIA
FIT,mteb/ClimateFEVER_test_top_250_only_w_correct-v2::2338,0.17500000000000004,POST-HOC DIAGNOSTICS - NOT SELECTION CRITERIA
FIT,mteb/ClimateFEVER_test_top_250_only_w_correct-v2::2347,0.8733333333333334,POST-HOC DIAGNOSTICS - NOT SELECTION CRITERIA
FIT,mteb/ClimateFEVER_test_top_250_only_w_correct-v2::2358,-0.09999999999999998,POST-HOC DIAGNOSTICS - NOT SELECTION CRITERIA
FIT,mteb/ClimateFEVER_test_top_250_only_w_correct-v2::2365,-0.36500000000000005,POST-HOC DIAGNOSTICS - NOT SELECTION CRITERIA
FIT,mteb/ClimateFEVER_test_top_250_only_w_correct-v2::2370,-0.3483333333333334,POST-HOC DIAGNOSTICS - NOT SELECTION CRITERIA
FIT,mteb/ClimateFEVER_test_top_250_only_w_correct-v2::2374,0.4633333333333333,POST-HOC DIAGNOSTICS - NOT SELECTION CRITERIA
FIT,mteb/ClimateFEVER_test_top_250_only_w_correct-v2::2377,0.09333333333333338,POST-HOC DIAGNOSTICS - NOT SELECTION CRITERIA
FIT,mteb/ClimateFEVER_test_top_250_only_w_correct-v2::2384,-0.3716666666666667,POST-HOC DIAGNOSTICS - NOT SELECTION CRITERIA
FIT,mteb/ClimateFEVER_test_top_250_only_w_correct-v2::2387,0.84,POST-HOC DIAGNOSTICS - NOT SELECTION CRITERIA
FIT,mteb/ClimateFEVER_test_top_250_only_w_correct-v2::2396,-0.0016666666666665941,POST-HOC DIAGNOSTICS - NOT SELECTION CRITERIA
FIT,mteb/ClimateFEVER_test_top_250_only_w_correct-v2::2400,-0.20333333333333337,POST-HOC DIAGNOSTICS - NOT SELECTION CRITERIA
FIT,mteb/ClimateFEVER_test_top_250_only_w_correct-v2::2409,-0.29500000000000004,POST-HOC DIAGNOSTICS - NOT SELECTION CRITERIA
FIT,mteb/ClimateFEVER_test_top_250_only_w_correct-v2::2410,-0.14999999999999997,POST-HOC DIAGNOSTICS - NOT SELECTION CRITERIA
FIT,mteb/ClimateFEVER_test_top_250_only_w_correct-v2::2411,-0.21333333333333337,POST-HOC DIAGNOSTICS - NOT SELECTION CRITERIA
FIT,mteb/ClimateFEVER_test_top_250_only_w_correct-v2::2413,-0.6083333333333333,POST-HOC DIAGNOSTICS - NOT SELECTION CRITERIA
FIT,mteb/ClimateFEVER_test_top_250_only_w_correct-v2::2422,0.51,POST-HOC DIAGNOSTICS - NOT SELECTION CRITERIA
FIT,mteb/ClimateFEVER_test_top_250_only_w_correct-v2::2423,-0.25,POST-HOC DIAGNOSTICS - NOT SELECTION CRITERIA
FIT,mteb/ClimateFEVER_test_top_250_only_w_correct-v2::2427,-0.5583333333333333,POST-HOC DIAGNOSTICS - NOT SELECTION CRITERIA
FIT,mteb/ClimateFEVER_test_top_250_only_w_correct-v2::2428,-0.011666666666666659,POST-HOC DIAGNOSTICS - NOT SELECTION CRITERIA
FIT,mteb/ClimateFEVER_test_top_250_only_w_correct-v2::2441,0.8366666666666667,POST-HOC DIAGNOSTICS - NOT SELECTION CRITERIA
FIT,mteb/ClimateFEVER_test_top_250_only_w_correct-v2::2445,-0.10999999999999999,POST-HOC DIAGNOSTICS - NOT SELECTION CRITERIA
FIT,mteb/ClimateFEVER_test_top_250_only_w_correct-v2::2457,-0.006666666666666599,POST-HOC DIAGNOSTICS - NOT SELECTION CRITERIA
FIT,mteb/ClimateFEVER_test_top_250_only_w_correct-v2::2468,0.6416666666666666,POST-HOC DIAGNOSTICS - NOT SELECTION CRITERIA
FIT,mteb/ClimateFEVER_test_top_250_only_w_correct-v2::2474,-0.05833333333333333,POST-HOC DIAGNOSTICS - NOT SELECTION CRITERIA
FIT,mteb/ClimateFEVER_test_top_250_only_w_correct-v2::248,-0.5616666666666668,POST-HOC DIAGNOSTICS - NOT SELECTION CRITERIA
FIT,mteb/ClimateFEVER_test_top_250_only_w_correct-v2::2485,-0.26499999999999996,POST-HOC DIAGNOSTICS - NOT SELECTION CRITERIA
FIT,mteb/ClimateFEVER_test_top_250_only_w_correct-v2::2486,0.4683333333333333,POST-HOC DIAGNOSTICS - NOT SELECTION CRITERIA
FIT,mteb/ClimateFEVER_test_top_250_only_w_correct-v2::2487,0.52,POST-HOC DIAGNOSTICS - NOT SELECTION CRITERIA
FIT,mteb/ClimateFEVER_test_top_250_only_w_correct-v2::2489,-0.03166666666666662,POST-HOC DIAGNOSTICS - NOT SELECTION CRITERIA
FIT,mteb/ClimateFEVER_test_top_250_only_w_correct-v2::2493,0.345,POST-HOC DIAGNOSTICS - NOT SELECTION CRITERIA
FIT,mteb/ClimateFEVER_test_top_250_only_w_correct-v2::2499,-0.22499999999999998,POST-HOC DIAGNOSTICS - NOT SELECTION CRITERIA
FIT,mteb/ClimateFEVER_test_top_250_only_w_correct-v2::250,-0.7583333333333333,POST-HOC DIAGNOSTICS - NOT SELECTION CRITERIA
FIT,mteb/ClimateFEVER_test_top_250_only_w_correct-v2::2500,-0.41500000000000004,POST-HOC DIAGNOSTICS - NOT SELECTION CRITERIA
FIT,mteb/ClimateFEVER_test_top_250_only_w_correct-v2::2521,0.2683333333333333,POST-HOC DIAGNOSTICS - NOT SELECTION CRITERIA
FIT,mteb/ClimateFEVER_test_top_250_only_w_correct-v2::2523,0.42500000000000004,POST-HOC DIAGNOSTICS - NOT SELECTION CRITERIA
FIT,mteb/ClimateFEVER_test_top_250_only_w_correct-v2::2538,0.8483333333333334,POST-HOC DIAGNOSTICS - NOT SELECTION CRITERIA
FIT,mteb/ClimateFEVER_test_top_250_only_w_correct-v2::2539,-0.2833333333333333,POST-HOC DIAGNOSTICS - NOT SELECTION CRITERIA
FIT,mteb/ClimateFEVER_test_top_250_only_w_correct-v2::254,-0.25999999999999995,POST-HOC DIAGNOSTICS - NOT SELECTION CRITERIA
FIT,mteb/ClimateFEVER_test_top_250_only_w_correct-v2::2542,-0.06166666666666665,POST-HOC DIAGNOSTICS - NOT SELECTION CRITERIA
FIT,mteb/ClimateFEVER_test_top_250_only_w_correct-v2::2553,-0.20833333333333331,POST-HOC DIAGNOSTICS - NOT SELECTION CRITERIA
FIT,mteb/ClimateFEVER_test_top_250_only_w_correct-v2::2560,-0.6183333333333334,POST-HOC DIAGNOSTICS - NOT SELECTION CRITERIA
FIT,mteb/ClimateFEVER_test_top_250_only_w_correct-v2::2561,0.5666666666666667,POST-HOC DIAGNOSTICS - NOT SELECTION CRITERIA
FIT,mteb/ClimateFEVER_test_top_250_only_w_correct-v2::2562,-0.3783333333333334,POST-HOC DIAGNOSTICS - NOT SELECTION CRITERIA
FIT,mteb/ClimateFEVER_test_top_250_only_w_correct-v2::2568,0.45999999999999996,POST-HOC DIAGNOSTICS - NOT SELECTION CRITERIA
FIT,mteb/ClimateFEVER_test_top_250_only_w_correct-v2::2571,-0.31000000000000005,POST-HOC DIAGNOSTICS - NOT SELECTION CRITERIA
FIT,mteb/ClimateFEVER_test_top_250_only_w_correct-v2::2577,0.5933333333333333,POST-HOC DIAGNOSTICS - NOT SELECTION CRITERIA
FIT,mteb/ClimateFEVER_test_top_250_only_w_correct-v2::2579,0.425,POST-HOC DIAGNOSTICS - NOT SELECTION CRITERIA
FIT,mteb/ClimateFEVER_test_top_250_only_w_correct-v2::2587,-0.31500000000000006,POST-HOC DIAGNOSTICS - NOT SELECTION CRITERIA
FIT,mteb/ClimateFEVER_test_top_250_only_w_correct-v2::2588,0.3416666666666667,POST-HOC DIAGNOSTICS - NOT SELECTION CRITERIA
FIT,mteb/ClimateFEVER_test_top_250_only_w_correct-v2::2590,-0.26,POST-HOC DIAGNOSTICS - NOT SELECTION CRITERIA
FIT,mteb/ClimateFEVER_test_top_250_only_w_correct-v2::2600,0.33999999999999997,POST-HOC DIAGNOSTICS - NOT SELECTION CRITERIA
FIT,mteb/ClimateFEVER_test_top_250_only_w_correct-v2::2603,-0.275,POST-HOC DIAGNOSTICS - NOT SELECTION CRITERIA
FIT,mteb/ClimateFEVER_test_top_250_only_w_correct-v2::2608,-0.7683333333333333,POST-HOC DIAGNOSTICS - NOT SELECTION CRITERIA
FIT,mteb/ClimateFEVER_test_top_250_only_w_correct-v2::2613,0.12499999999999994,POST-HOC DIAGNOSTICS - NOT SELECTION CRITERIA
FIT,mteb/ClimateFEVER_test_top_250_only_w_correct-v2::2618,-0.785,POST-HOC DIAGNOSTICS - NOT SELECTION CRITERIA
FIT,mteb/ClimateFEVER_test_top_250_only_w_correct-v2::2623,0.6416666666666667,POST-HOC DIAGNOSTICS - NOT SELECTION CRITERIA
FIT,mteb/ClimateFEVER_test_top_250_only_w_correct-v2::2630,0.20500000000000002,POST-HOC DIAGNOSTICS - NOT SELECTION CRITERIA
FIT,mteb/ClimateFEVER_test_top_250_only_w_correct-v2::2643,0.44499999999999995,POST-HOC DIAGNOSTICS - NOT SELECTION CRITERIA
FIT,mteb/ClimateFEVER_test_top_250_only_w_correct-v2::2650,-0.05166666666666664,POST-HOC DIAGNOSTICS - NOT SELECTION CRITERIA
FIT,mteb/ClimateFEVER_test_top_250_only_w_correct-v2::2664,-0.7166666666666667,POST-HOC DIAGNOSTICS - NOT SELECTION CRITERIA
FIT,mteb/ClimateFEVER_test_top_250_only_w_correct-v2::2666,-0.28,POST-HOC DIAGNOSTICS - NOT SELECTION CRITERIA
FIT,mteb/ClimateFEVER_test_top_250_only_w_correct-v2::2668,-0.2033333333333333,POST-HOC DIAGNOSTICS - NOT SELECTION CRITERIA
FIT,mteb/ClimateFEVER_test_top_250_only_w_correct-v2::2671,0.2849999999999999,POST-HOC DIAGNOSTICS - NOT SELECTION CRITERIA
FIT,mteb/ClimateFEVER_test_top_250_only_w_correct-v2::2679,0.040000000000000036,POST-HOC DIAGNOSTICS - NOT SELECTION CRITERIA
FIT,mteb/ClimateFEVER_test_top_250_only_w_correct-v2::268,0.016666666666666607,POST-HOC DIAGNOSTICS - NOT SELECTION CRITERIA
FIT,mteb/ClimateFEVER_test_top_250_only_w_correct-v2::2687,0.6416666666666667,POST-HOC DIAGNOSTICS - NOT SELECTION CRITERIA
FIT,mteb/ClimateFEVER_test_top_250_only_w_correct-v2::2693,0.445,POST-HOC DIAGNOSTICS - NOT SELECTION CRITERIA
FIT,mteb/ClimateFEVER_test_top_250_only_w_correct-v2::2698,-0.09499999999999997,POST-HOC DIAGNOSTICS - NOT SELECTION CRITERIA
FIT,mteb/ClimateFEVER_test_top_250_only_w_correct-v2::27,0.043333333333333335,POST-HOC DIAGNOSTICS - NOT SELECTION CRITERIA
FIT,mteb/ClimateFEVER_test_top_250_only_w_correct-v2::2702,-0.20333333333333334,POST-HOC DIAGNOSTICS - NOT SELECTION CRITERIA
FIT,mteb/ClimateFEVER_test_top_250_only_w_correct-v2::2704,0.02999999999999997,POST-HOC DIAGNOSTICS - NOT SELECTION CRITERIA
FIT,mteb/ClimateFEVER_test_top_250_only_w_correct-v2::2706,0.19999999999999996,POST-HOC DIAGNOSTICS - NOT SELECTION CRITERIA
FIT,mteb/ClimateFEVER_test_top_250_only_w_correct-v2::2707,0.3316666666666667,POST-HOC DIAGNOSTICS - NOT SELECTION CRITERIA
FIT,mteb/ClimateFEVER_test_top_250_only_w_correct-v2::2709,0.7416666666666666,POST-HOC DIAGNOSTICS - NOT SELECTION CRITERIA
FIT,mteb/ClimateFEVER_test_top_250_only_w_correct-v2::272,-0.7749999999999999,POST-HOC DIAGNOSTICS - NOT SELECTION CRITERIA
FIT,mteb/ClimateFEVER_test_top_250_only_w_correct-v2::2735,0.41500000000000004,POST-HOC DIAGNOSTICS - NOT SELECTION CRITERIA
FIT,mteb/ClimateFEVER_test_top_250_only_w_correct-v2::2736,-0.545,POST-HOC DIAGNOSTICS - NOT SELECTION CRITERIA
FIT,mteb/ClimateFEVER_test_top_250_only_w_correct-v2::2741,0.255,POST-HOC DIAGNOSTICS - NOT SELECTION CRITERIA
FIT,mteb/ClimateFEVER_test_top_250_only_w_correct-v2::275,0.2783333333333333,POST-HOC DIAGNOSTICS - NOT SELECTION CRITERIA
FIT,mteb/ClimateFEVER_test_top_250_only_w_correct-v2::2754,-0.18333333333333335,POST-HOC DIAGNOSTICS - NOT SELECTION CRITERIA
FIT,mteb/ClimateFEVER_test_top_250_only_w_correct-v2::2755,0.815,POST-HOC DIAGNOSTICS - NOT SELECTION CRITERIA
FIT,mteb/ClimateFEVER_test_top_250_only_w_correct-v2::2763,-0.39999999999999997,POST-HOC DIAGNOSTICS - NOT SELECTION CRITERIA
FIT,mteb/ClimateFEVER_test_top_250_only_w_correct-v2::2768,-0.5366666666666666,POST-HOC DIAGNOSTICS - NOT SELECTION CRITERIA
FIT,mteb/ClimateFEVER_test_top_250_only_w_correct-v2::2773,-0.16999999999999998,POST-HOC DIAGNOSTICS - NOT SELECTION CRITERIA
FIT,mteb/ClimateFEVER_test_top_250_only_w_correct-v2::2780,0.325,POST-HOC DIAGNOSTICS - NOT SELECTION CRITERIA
FIT,mteb/ClimateFEVER_test_top_250_only_w_correct-v2::2782,-0.25833333333333336,POST-HOC DIAGNOSTICS - NOT SELECTION CRITERIA
FIT,mteb/ClimateFEVER_test_top_250_only_w_correct-v2::2790,0.15666666666666662,POST-HOC DIAGNOSTICS - NOT SELECTION CRITERIA
FIT,mteb/ClimateFEVER_test_top_250_only_w_correct-v2::2794,-0.2733333333333333,POST-HOC DIAGNOSTICS - NOT SELECTION CRITERIA
FIT,mteb/ClimateFEVER_test_top_250_only_w_correct-v2::2798,-0.2816666666666667,POST-HOC DIAGNOSTICS - NOT SELECTION CRITERIA
FIT,mteb/ClimateFEVER_test_top_250_only_w_correct-v2::2799,-0.3666666666666667,POST-HOC DIAGNOSTICS - NOT SELECTION CRITERIA
FIT,mteb/ClimateFEVER_test_top_250_only_w_correct-v2::28,0.7716666666666666,POST-HOC DIAGNOSTICS - NOT SELECTION CRITERIA
FIT,mteb/ClimateFEVER_test_top_250_only_w_correct-v2::2800,-0.2833333333333333,POST-HOC DIAGNOSTICS - NOT SELECTION CRITERIA
FIT,mteb/ClimateFEVER_test_top_250_only_w_correct-v2::281,-0.61,POST-HOC DIAGNOSTICS - NOT SELECTION CRITERIA
FIT,mteb/ClimateFEVER_test_top_250_only_w_correct-v2::2818,-0.2833333333333333,POST-HOC DIAGNOSTICS - NOT SELECTION CRITERIA
FIT,mteb/ClimateFEVER_test_top_250_only_w_correct-v2::2819,0.04166666666666666,POST-HOC DIAGNOSTICS - NOT SELECTION CRITERIA
FIT,mteb/ClimateFEVER_test_top_250_only_w_correct-v2::282,-0.06999999999999999,POST-HOC DIAGNOSTICS - NOT SELECTION CRITERIA
FIT,mteb/ClimateFEVER_test_top_250_only_w_correct-v2::2834,-0.7883333333333333,POST-HOC DIAGNOSTICS - NOT SELECTION CRITERIA
FIT,mteb/ClimateFEVER_test_top_250_only_w_correct-v2::2839,-0.22833333333333328,POST-HOC DIAGNOSTICS - NOT SELECTION CRITERIA
FIT,mteb/ClimateFEVER_test_top_250_only_w_correct-v2::284,0.14666666666666667,POST-HOC DIAGNOSTICS - NOT SELECTION CRITERIA
FIT,mteb/ClimateFEVER_test_top_250_only_w_correct-v2::2845,-0.67,POST-HOC DIAGNOSTICS - NOT SELECTION CRITERIA
FIT,mteb/ClimateFEVER_test_top_250_only_w_correct-v2::2849,0.3483333333333334,POST-HOC DIAGNOSTICS - NOT SELECTION CRITERIA
FIT,mteb/ClimateFEVER_test_top_250_only_w_correct-v2::2853,0.18000000000000005,POST-HOC DIAGNOSTICS - NOT SELECTION CRITERIA
FIT,mteb/ClimateFEVER_test_top_250_only_w_correct-v2::2869,0.0033333333333334103,POST-HOC DIAGNOSTICS - NOT SELECTION CRITERIA
FIT,mteb/ClimateFEVER_test_top_250_only_w_correct-v2::2870,0.30500000000000005,POST-HOC DIAGNOSTICS - NOT SELECTION CRITERIA
FIT,mteb/ClimateFEVER_test_top_250_only_w_correct-v2::2881,-0.20500000000000002,POST-HOC DIAGNOSTICS - NOT SELECTION CRITERIA
FIT,mteb/ClimateFEVER_test_top_250_only_w_correct-v2::2887,-0.010000000000000009,POST-HOC DIAGNOSTICS - NOT SELECTION CRITERIA
FIT,mteb/ClimateFEVER_test_top_250_only_w_correct-v2::2888,-0.20666666666666667,POST-HOC DIAGNOSTICS - NOT SELECTION CRITERIA
FIT,mteb/ClimateFEVER_test_top_250_only_w_correct-v2::2890,-0.4566666666666667,POST-HOC DIAGNOSTICS - NOT SELECTION CRITERIA
FIT,mteb/ClimateFEVER_test_top_250_only_w_correct-v2::2894,0.6316666666666666,POST-HOC DIAGNOSTICS - NOT SELECTION CRITERIA
FIT,mteb/ClimateFEVER_test_top_250_only_w_correct-v2::2895,-0.10499999999999998,POST-HOC DIAGNOSTICS - NOT SELECTION CRITERIA
FIT,mteb/ClimateFEVER_test_top_250_only_w_correct-v2::2898,-0.6533333333333333,POST-HOC DIAGNOSTICS - NOT SELECTION CRITERIA
FIT,mteb/ClimateFEVER_test_top_250_only_w_correct-v2::2901,0.13833333333333342,POST-HOC DIAGNOSTICS - NOT SELECTION CRITERIA
FIT,mteb/ClimateFEVER_test_top_250_only_w_correct-v2::2914,-0.16833333333333333,POST-HOC DIAGNOSTICS - NOT SELECTION CRITERIA
FIT,mteb/ClimateFEVER_test_top_250_only_w_correct-v2::2915,0.4883333333333333,POST-HOC DIAGNOSTICS - NOT SELECTION CRITERIA
FIT,mteb/ClimateFEVER_test_top_250_only_w_correct-v2::2916,-0.008333333333333304,POST-HOC DIAGNOSTICS - NOT SELECTION CRITERIA
FIT,mteb/ClimateFEVER_test_top_250_only_w_correct-v2::2935,0.14500000000000002,POST-HOC DIAGNOSTICS - NOT SELECTION CRITERIA
FIT,mteb/ClimateFEVER_test_top_250_only_w_correct-v2::2939,0.5266666666666666,POST-HOC DIAGNOSTICS - NOT SELECTION CRITERIA
FIT,mteb/ClimateFEVER_test_top_250_only_w_correct-v2::2945,-0.033333333333333326,POST-HOC DIAGNOSTICS - NOT SELECTION CRITERIA
FIT,mteb/ClimateFEVER_test_top_250_only_w_correct-v2::2961,0.675,POST-HOC DIAGNOSTICS - NOT SELECTION CRITERIA
FIT,mteb/ClimateFEVER_test_top_250_only_w_correct-v2::2966,0.5716666666666667,POST-HOC DIAGNOSTICS - NOT SELECTION CRITERIA
FIT,mteb/ClimateFEVER_test_top_250_only_w_correct-v2::2967,0.13999999999999996,POST-HOC DIAGNOSTICS - NOT SELECTION CRITERIA
FIT,mteb/ClimateFEVER_test_top_250_only_w_correct-v2::2970,0.42999999999999994,POST-HOC DIAGNOSTICS - NOT SELECTION CRITERIA
FIT,mteb/ClimateFEVER_test_top_250_only_w_correct-v2::2977,-0.3433333333333333,POST-HOC DIAGNOSTICS - NOT SELECTION CRITERIA
FIT,mteb/ClimateFEVER_test_top_250_only_w_correct-v2::2981,0.6516666666666667,POST-HOC DIAGNOSTICS - NOT SELECTION CRITERIA
FIT,mteb/ClimateFEVER_test_top_250_only_w_correct-v2::2983,-0.565,POST-HOC DIAGNOSTICS - NOT SELECTION CRITERIA
FIT,mteb/ClimateFEVER_test_top_250_only_w_correct-v2::2991,0.016666666666666635,POST-HOC DIAGNOSTICS - NOT SELECTION CRITERIA
FIT,mteb/ClimateFEVER_test_top_250_only_w_correct-v2::2992,0.56,POST-HOC DIAGNOSTICS - NOT SELECTION CRITERIA
FIT,mteb/ClimateFEVER_test_top_250_only_w_correct-v2::3009,-0.23833333333333334,POST-HOC DIAGNOSTICS - NOT SELECTION CRITERIA
FIT,mteb/ClimateFEVER_test_top_250_only_w_correct-v2::302,0.3416666666666667,POST-HOC DIAGNOSTICS - NOT SELECTION CRITERIA
FIT,mteb/ClimateFEVER_test_top_250_only_w_correct-v2::3024,0.06666666666666665,POST-HOC DIAGNOSTICS - NOT SELECTION CRITERIA
FIT,mteb/ClimateFEVER_test_top_250_only_w_correct-v2::3047,0.59,POST-HOC DIAGNOSTICS - NOT SELECTION CRITERIA
FIT,mteb/ClimateFEVER_test_top_250_only_w_correct-v2::305,-0.22166666666666668,POST-HOC DIAGNOSTICS - NOT SELECTION CRITERIA
FIT,mteb/ClimateFEVER_test_top_250_only_w_correct-v2::3056,0.17666666666666664,POST-HOC DIAGNOSTICS - NOT SELECTION CRITERIA
FIT,mteb/ClimateFEVER_test_top_250_only_w_correct-v2::3064,0.3833333333333333,POST-HOC DIAGNOSTICS - NOT SELECTION CRITERIA
FIT,mteb/ClimateFEVER_test_top_250_only_w_correct-v2::3069,-0.6033333333333333,POST-HOC DIAGNOSTICS - NOT SELECTION CRITERIA
FIT,mteb/ClimateFEVER_test_top_250_only_w_correct-v2::3070,0.08666666666666667,POST-HOC DIAGNOSTICS - NOT SELECTION CRITERIA
FIT,mteb/ClimateFEVER_test_top_250_only_w_correct-v2::3072,0.04166666666666663,POST-HOC DIAGNOSTICS - NOT SELECTION CRITERIA
FIT,mteb/ClimateFEVER_test_top_250_only_w_correct-v2::3084,-0.05166666666666665,POST-HOC DIAGNOSTICS - NOT SELECTION CRITERIA
FIT,mteb/ClimateFEVER_test_top_250_only_w_correct-v2::3090,-0.43499999999999994,POST-HOC DIAGNOSTICS - NOT SELECTION CRITERIA
FIT,mteb/ClimateFEVER_test_top_250_only_w_correct-v2::3105,-0.04166666666666663,POST-HOC DIAGNOSTICS - NOT SELECTION CRITERIA
FIT,mteb/ClimateFEVER_test_top_250_only_w_correct-v2::3110,-0.0050000000000000044,POST-HOC DIAGNOSTICS - NOT SELECTION CRITERIA
FIT,mteb/ClimateFEVER_test_top_250_only_w_correct-v2::3121,-0.19166666666666665,POST-HOC DIAGNOSTICS - NOT SELECTION CRITERIA
FIT,mteb/ClimateFEVER_test_top_250_only_w_correct-v2::3123,0.30666666666666664,POST-HOC DIAGNOSTICS - NOT SELECTION CRITERIA
FIT,mteb/ClimateFEVER_test_top_250_only_w_correct-v2::3125,0.3383333333333333,POST-HOC DIAGNOSTICS - NOT SELECTION CRITERIA
FIT,mteb/ClimateFEVER_test_top_250_only_w_correct-v2::3134,0.025000000000000022,POST-HOC DIAGNOSTICS - NOT SELECTION CRITERIA
FIT,mteb/ClimateFEVER_test_top_250_only_w_correct-v2::337,0.12,POST-HOC DIAGNOSTICS - NOT SELECTION CRITERIA
FIT,mteb/ClimateFEVER_test_top_250_only_w_correct-v2::344,0.25166666666666665,POST-HOC DIAGNOSTICS - NOT SELECTION CRITERIA
FIT,mteb/ClimateFEVER_test_top_250_only_w_correct-v2::348,0.9433333333333334,POST-HOC DIAGNOSTICS - NOT SELECTION CRITERIA
FIT,mteb/ClimateFEVER_test_top_250_only_w_correct-v2::35,-0.5616666666666666,POST-HOC DIAGNOSTICS - NOT SELECTION CRITERIA
FIT,mteb/ClimateFEVER_test_top_250_only_w_correct-v2::350,-0.46,POST-HOC DIAGNOSTICS - NOT SELECTION CRITERIA
FIT,mteb/ClimateFEVER_test_top_250_only_w_correct-v2::353,-0.2516666666666667,POST-HOC DIAGNOSTICS - NOT SELECTION CRITERIA
FIT,mteb/ClimateFEVER_test_top_250_only_w_correct-v2::356,0.17500000000000004,POST-HOC DIAGNOSTICS - NOT SELECTION CRITERIA
FIT,mteb/ClimateFEVER_test_top_250_only_w_correct-v2::358,-0.7566666666666666,POST-HOC DIAGNOSTICS - NOT SELECTION CRITERIA
FIT,mteb/ClimateFEVER_test_top_250_only_w_correct-v2::363,0.0050000000000000044,POST-HOC DIAGNOSTICS - NOT SELECTION CRITERIA
FIT,mteb/ClimateFEVER_test_top_250_only_w_correct-v2::368,-0.19833333333333336,POST-HOC DIAGNOSTICS - NOT SELECTION CRITERIA
FIT,mteb/ClimateFEVER_test_top_250_only_w_correct-v2::369,0.18333333333333335,POST-HOC DIAGNOSTICS - NOT SELECTION CRITERIA
FIT,mteb/ClimateFEVER_test_top_250_only_w_correct-v2::376,0.31999999999999995,POST-HOC DIAGNOSTICS - NOT SELECTION CRITERIA
FIT,mteb/ClimateFEVER_test_top_250_only_w_correct-v2::377,0.031666666666666676,POST-HOC DIAGNOSTICS - NOT SELECTION CRITERIA
FIT,mteb/ClimateFEVER_test_top_250_only_w_correct-v2::38,0.16333333333333333,POST-HOC DIAGNOSTICS - NOT SELECTION CRITERIA
FIT,mteb/ClimateFEVER_test_top_250_only_w_correct-v2::400,0.24000000000000005,POST-HOC DIAGNOSTICS - NOT SELECTION CRITERIA
FIT,mteb/ClimateFEVER_test_top_250_only_w_correct-v2::401,-0.03833333333333333,POST-HOC DIAGNOSTICS - NOT SELECTION CRITERIA
FIT,mteb/ClimateFEVER_test_top_250_only_w_correct-v2::404,0.3999999999999999,POST-HOC DIAGNOSTICS - NOT SELECTION CRITERIA
FIT,mteb/ClimateFEVER_test_top_250_only_w_correct-v2::418,-0.7033333333333334,POST-HOC DIAGNOSTICS - NOT SELECTION CRITERIA
FIT,mteb/ClimateFEVER_test_top_250_only_w_correct-v2::419,-0.07666666666666666,POST-HOC DIAGNOSTICS - NOT SELECTION CRITERIA
FIT,mteb/ClimateFEVER_test_top_250_only_w_correct-v2::424,0.82,POST-HOC DIAGNOSTICS - NOT SELECTION CRITERIA
FIT,mteb/ClimateFEVER_test_top_250_only_w_correct-v2::434,0.34,POST-HOC DIAGNOSTICS - NOT SELECTION CRITERIA
FIT,mteb/ClimateFEVER_test_top_250_only_w_correct-v2::435,-0.07333333333333333,POST-HOC DIAGNOSTICS - NOT SELECTION CRITERIA
FIT,mteb/ClimateFEVER_test_top_250_only_w_correct-v2::436,0.47666666666666674,POST-HOC DIAGNOSTICS - NOT SELECTION CRITERIA
FIT,mteb/ClimateFEVER_test_top_250_only_w_correct-v2::44,-0.44000000000000006,POST-HOC DIAGNOSTICS - NOT SELECTION CRITERIA
FIT,mteb/ClimateFEVER_test_top_250_only_w_correct-v2::447,-0.11833333333333329,POST-HOC DIAGNOSTICS - NOT SELECTION CRITERIA
FIT,mteb/ClimateFEVER_test_top_250_only_w_correct-v2::451,0.36,POST-HOC DIAGNOSTICS - NOT SELECTION CRITERIA
FIT,mteb/ClimateFEVER_test_top_250_only_w_correct-v2::455,-0.3466666666666667,POST-HOC DIAGNOSTICS - NOT SELECTION CRITERIA
FIT,mteb/ClimateFEVER_test_top_250_only_w_correct-v2::470,-0.18666666666666665,POST-HOC DIAGNOSTICS - NOT SELECTION CRITERIA
FIT,mteb/ClimateFEVER_test_top_250_only_w_correct-v2::473,0.6016666666666667,POST-HOC DIAGNOSTICS - NOT SELECTION CRITERIA
FIT,mteb/ClimateFEVER_test_top_250_only_w_correct-v2::474,-0.17833333333333334,POST-HOC DIAGNOSTICS - NOT SELECTION CRITERIA
FIT,mteb/ClimateFEVER_test_top_250_only_w_correct-v2::478,0.06166666666666665,POST-HOC DIAGNOSTICS - NOT SELECTION CRITERIA
FIT,mteb/ClimateFEVER_test_top_250_only_w_correct-v2::495,-0.26166666666666666,POST-HOC DIAGNOSTICS - NOT SELECTION CRITERIA
FIT,mteb/ClimateFEVER_test_top_250_only_w_correct-v2::503,0.29166666666666663,POST-HOC DIAGNOSTICS - NOT SELECTION CRITERIA
FIT,mteb/ClimateFEVER_test_top_250_only_w_correct-v2::506,0.5466666666666666,POST-HOC DIAGNOSTICS - NOT SELECTION CRITERIA
FIT,mteb/ClimateFEVER_test_top_250_only_w_correct-v2::512,-0.0050000000000000044,POST-HOC DIAGNOSTICS - NOT SELECTION CRITERIA
FIT,mteb/ClimateFEVER_test_top_250_only_w_correct-v2::520,-0.06999999999999995,POST-HOC DIAGNOSTICS - NOT SELECTION CRITERIA
FIT,mteb/ClimateFEVER_test_top_250_only_w_correct-v2::527,0.2716666666666667,POST-HOC DIAGNOSTICS - NOT SELECTION CRITERIA
FIT,mteb/ClimateFEVER_test_top_250_only_w_correct-v2::528,-0.43,POST-HOC DIAGNOSTICS - NOT SELECTION CRITERIA
FIT,mteb/ClimateFEVER_test_top_250_only_w_correct-v2::530,0.3883333333333333,POST-HOC DIAGNOSTICS - NOT SELECTION CRITERIA
FIT,mteb/ClimateFEVER_test_top_250_only_w_correct-v2::532,-0.1133333333333334,POST-HOC DIAGNOSTICS - NOT SELECTION CRITERIA
FIT,mteb/ClimateFEVER_test_top_250_only_w_correct-v2::534,0.19500000000000006,POST-HOC DIAGNOSTICS - NOT SELECTION CRITERIA
FIT,mteb/ClimateFEVER_test_top_250_only_w_correct-v2::539,-0.47000000000000003,POST-HOC DIAGNOSTICS - NOT SELECTION CRITERIA
FIT,mteb/ClimateFEVER_test_top_250_only_w_correct-v2::548,0.6483333333333333,POST-HOC DIAGNOSTICS - NOT SELECTION CRITERIA
FIT,mteb/ClimateFEVER_test_top_250_only_w_correct-v2::55,0.12333333333333335,POST-HOC DIAGNOSTICS - NOT SELECTION CRITERIA
FIT,mteb/ClimateFEVER_test_top_250_only_w_correct-v2::551,0.36166666666666664,POST-HOC DIAGNOSTICS - NOT SELECTION CRITERIA
FIT,mteb/ClimateFEVER_test_top_250_only_w_correct-v2::554,0.020000000000000018,POST-HOC DIAGNOSTICS - NOT SELECTION CRITERIA
FIT,mteb/ClimateFEVER_test_top_250_only_w_correct-v2::555,-0.32833333333333325,POST-HOC DIAGNOSTICS - NOT SELECTION CRITERIA
FIT,mteb/ClimateFEVER_test_top_250_only_w_correct-v2::565,-0.9516666666666667,POST-HOC DIAGNOSTICS - NOT SELECTION CRITERIA
FIT,mteb/ClimateFEVER_test_top_250_only_w_correct-v2::586,-0.16500000000000004,POST-HOC DIAGNOSTICS - NOT SELECTION CRITERIA
FIT,mteb/ClimateFEVER_test_top_250_only_w_correct-v2::6,-0.08166666666666667,POST-HOC DIAGNOSTICS - NOT SELECTION CRITERIA
FIT,mteb/ClimateFEVER_test_top_250_only_w_correct-v2::603,-0.4866666666666667,POST-HOC DIAGNOSTICS - NOT SELECTION CRITERIA
FIT,mteb/ClimateFEVER_test_top_250_only_w_correct-v2::614,0.08833333333333333,POST-HOC DIAGNOSTICS - NOT SELECTION CRITERIA
FIT,mteb/ClimateFEVER_test_top_250_only_w_correct-v2::615,-0.4483333333333333,POST-HOC DIAGNOSTICS - NOT SELECTION CRITERIA
FIT,mteb/ClimateFEVER_test_top_250_only_w_correct-v2::620,-0.305,POST-HOC DIAGNOSTICS - NOT SELECTION CRITERIA
FIT,mteb/ClimateFEVER_test_top_250_only_w_correct-v2::621,0.22166666666666662,POST-HOC DIAGNOSTICS - NOT SELECTION CRITERIA
FIT,mteb/ClimateFEVER_test_top_250_only_w_correct-v2::625,0.42166666666666663,POST-HOC DIAGNOSTICS - NOT SELECTION CRITERIA
FIT,mteb/ClimateFEVER_test_top_250_only_w_correct-v2::628,-0.14500000000000002,POST-HOC DIAGNOSTICS - NOT SELECTION CRITERIA
FIT,mteb/ClimateFEVER_test_top_250_only_w_correct-v2::633,0.31833333333333336,POST-HOC DIAGNOSTICS - NOT SELECTION CRITERIA
FIT,mteb/ClimateFEVER_test_top_250_only_w_correct-v2::634,-0.20000000000000007,POST-HOC DIAGNOSTICS - NOT SELECTION CRITERIA
FIT,mteb/ClimateFEVER_test_top_250_only_w_correct-v2::638,-0.6566666666666666,POST-HOC DIAGNOSTICS - NOT SELECTION CRITERIA
FIT,mteb/ClimateFEVER_test_top_250_only_w_correct-v2::644,0.5066666666666667,POST-HOC DIAGNOSTICS - NOT SELECTION CRITERIA
FIT,mteb/ClimateFEVER_test_top_250_only_w_correct-v2::645,-0.25,POST-HOC DIAGNOSTICS - NOT SELECTION CRITERIA
FIT,mteb/ClimateFEVER_test_top_250_only_w_correct-v2::646,-0.03833333333333333,POST-HOC DIAGNOSTICS - NOT SELECTION CRITERIA
FIT,mteb/ClimateFEVER_test_top_250_only_w_correct-v2::649,-0.07,POST-HOC DIAGNOSTICS - NOT SELECTION CRITERIA
FIT,mteb/ClimateFEVER_test_top_250_only_w_correct-v2::65,-0.43000000000000005,POST-HOC DIAGNOSTICS - NOT SELECTION CRITERIA
FIT,mteb/ClimateFEVER_test_top_250_only_w_correct-v2::656,-0.22999999999999998,POST-HOC DIAGNOSTICS - NOT SELECTION CRITERIA
FIT,mteb/ClimateFEVER_test_top_250_only_w_correct-v2::662,0.043333333333333335,POST-HOC DIAGNOSTICS - NOT SELECTION CRITERIA
FIT,mteb/ClimateFEVER_test_top_250_only_w_correct-v2::665,0.2416666666666667,POST-HOC DIAGNOSTICS - NOT SELECTION CRITERIA
FIT,mteb/ClimateFEVER_test_top_250_only_w_correct-v2::669,0.18,POST-HOC DIAGNOSTICS - NOT SELECTION CRITERIA
FIT,mteb/ClimateFEVER_test_top_250_only_w_correct-v2::67,0.003333333333333355,POST-HOC DIAGNOSTICS - NOT SELECTION CRITERIA
FIT,mteb/ClimateFEVER_test_top_250_only_w_correct-v2::678,-0.03666666666666668,POST-HOC DIAGNOSTICS - NOT SELECTION CRITERIA
FIT,mteb/ClimateFEVER_test_top_250_only_w_correct-v2::688,0.1166666666666667,POST-HOC DIAGNOSTICS - NOT SELECTION CRITERIA
FIT,mteb/ClimateFEVER_test_top_250_only_w_correct-v2::689,0.45000000000000007,POST-HOC DIAGNOSTICS - NOT SELECTION CRITERIA
FIT,mteb/ClimateFEVER_test_top_250_only_w_correct-v2::69,0.355,POST-HOC DIAGNOSTICS - NOT SELECTION CRITERIA
FIT,mteb/ClimateFEVER_test_top_250_only_w_correct-v2::695,-0.765,POST-HOC DIAGNOSTICS - NOT SELECTION CRITERIA
FIT,mteb/ClimateFEVER_test_top_250_only_w_correct-v2::696,0.6216666666666667,POST-HOC DIAGNOSTICS - NOT SELECTION CRITERIA
FIT,mteb/ClimateFEVER_test_top_250_only_w_correct-v2::701,-0.3550000000000001,POST-HOC DIAGNOSTICS - NOT SELECTION CRITERIA
FIT,mteb/ClimateFEVER_test_top_250_only_w_correct-v2::702,0.7933333333333333,POST-HOC DIAGNOSTICS - NOT SELECTION CRITERIA
FIT,mteb/ClimateFEVER_test_top_250_only_w_correct-v2::71,0.09833333333333338,POST-HOC DIAGNOSTICS - NOT SELECTION CRITERIA
FIT,mteb/ClimateFEVER_test_top_250_only_w_correct-v2::712,-0.5383333333333333,POST-HOC DIAGNOSTICS - NOT SELECTION CRITERIA
FIT,mteb/ClimateFEVER_test_top_250_only_w_correct-v2::724,-0.24,POST-HOC DIAGNOSTICS - NOT SELECTION CRITERIA
FIT,mteb/ClimateFEVER_test_top_250_only_w_correct-v2::736,0.3883333333333333,POST-HOC DIAGNOSTICS - NOT SELECTION CRITERIA
FIT,mteb/ClimateFEVER_test_top_250_only_w_correct-v2::74,0.6950000000000001,POST-HOC DIAGNOSTICS - NOT SELECTION CRITERIA
FIT,mteb/ClimateFEVER_test_top_250_only_w_correct-v2::741,-0.1866666666666667,POST-HOC DIAGNOSTICS - NOT SELECTION CRITERIA
FIT,mteb/ClimateFEVER_test_top_250_only_w_correct-v2::742,-0.19333333333333336,POST-HOC DIAGNOSTICS - NOT SELECTION CRITERIA
FIT,mteb/ClimateFEVER_test_top_250_only_w_correct-v2::756,-0.03833333333333333,POST-HOC DIAGNOSTICS - NOT SELECTION CRITERIA
FIT,mteb/ClimateFEVER_test_top_250_only_w_correct-v2::757,0.2816666666666667,POST-HOC DIAGNOSTICS - NOT SELECTION CRITERIA
FIT,mteb/ClimateFEVER_test_top_250_only_w_correct-v2::761,-0.07000000000000006,POST-HOC DIAGNOSTICS - NOT SELECTION CRITERIA
FIT,mteb/ClimateFEVER_test_top_250_only_w_correct-v2::762,0.53,POST-HOC DIAGNOSTICS - NOT SELECTION CRITERIA
FIT,mteb/ClimateFEVER_test_top_250_only_w_correct-v2::768,0.016666666666666607,POST-HOC DIAGNOSTICS - NOT SELECTION CRITERIA
FIT,mteb/ClimateFEVER_test_top_250_only_w_correct-v2::77,-0.03500000000000003,POST-HOC DIAGNOSTICS - NOT SELECTION CRITERIA
FIT,mteb/ClimateFEVER_test_top_250_only_w_correct-v2::774,-0.05499999999999999,POST-HOC DIAGNOSTICS - NOT SELECTION CRITERIA
FIT,mteb/ClimateFEVER_test_top_250_only_w_correct-v2::775,-0.5083333333333333,POST-HOC DIAGNOSTICS - NOT SELECTION CRITERIA
FIT,mteb/ClimateFEVER_test_top_250_only_w_correct-v2::788,0.7516666666666667,POST-HOC DIAGNOSTICS - NOT SELECTION CRITERIA
FIT,mteb/ClimateFEVER_test_top_250_only_w_correct-v2::791,0.026666666666666672,POST-HOC DIAGNOSTICS - NOT SELECTION CRITERIA
FIT,mteb/ClimateFEVER_test_top_250_only_w_correct-v2::797,-0.57,POST-HOC DIAGNOSTICS - NOT SELECTION CRITERIA
FIT,mteb/ClimateFEVER_test_top_250_only_w_correct-v2::802,0.6,POST-HOC DIAGNOSTICS - NOT SELECTION CRITERIA
FIT,mteb/ClimateFEVER_test_top_250_only_w_correct-v2::806,-0.8416666666666667,POST-HOC DIAGNOSTICS - NOT SELECTION CRITERIA
FIT,mteb/ClimateFEVER_test_top_250_only_w_correct-v2::809,0.31499999999999995,POST-HOC DIAGNOSTICS - NOT SELECTION CRITERIA
FIT,mteb/ClimateFEVER_test_top_250_only_w_correct-v2::811,-0.006666666666666599,POST-HOC DIAGNOSTICS - NOT SELECTION CRITERIA
FIT,mteb/ClimateFEVER_test_top_250_only_w_correct-v2::814,0.053333333333333344,POST-HOC DIAGNOSTICS - NOT SELECTION CRITERIA
FIT,mteb/ClimateFEVER_test_top_250_only_w_correct-v2::815,0.7433333333333334,POST-HOC DIAGNOSTICS - NOT SELECTION CRITERIA
FIT,mteb/ClimateFEVER_test_top_250_only_w_correct-v2::816,0.5883333333333334,POST-HOC DIAGNOSTICS - NOT SELECTION CRITERIA
FIT,mteb/ClimateFEVER_test_top_250_only_w_correct-v2::819,0.026666666666666672,POST-HOC DIAGNOSTICS - NOT SELECTION CRITERIA
FIT,mteb/ClimateFEVER_test_top_250_only_w_correct-v2::821,-0.405,POST-HOC DIAGNOSTICS - NOT SELECTION CRITERIA
FIT,mteb/ClimateFEVER_test_top_250_only_w_correct-v2::824,-0.48999999999999994,POST-HOC DIAGNOSTICS - NOT SELECTION CRITERIA
FIT,mteb/ClimateFEVER_test_top_250_only_w_correct-v2::832,-0.28500000000000003,POST-HOC DIAGNOSTICS - NOT SELECTION CRITERIA
FIT,mteb/ClimateFEVER_test_top_250_only_w_correct-v2::839,0.27833333333333327,POST-HOC DIAGNOSTICS - NOT SELECTION CRITERIA
FIT,mteb/ClimateFEVER_test_top_250_only_w_correct-v2::840,-0.03166666666666673,POST-HOC DIAGNOSTICS - NOT SELECTION CRITERIA
FIT,mteb/ClimateFEVER_test_top_250_only_w_correct-v2::849,0.5433333333333334,POST-HOC DIAGNOSTICS - NOT SELECTION CRITERIA
FIT,mteb/ClimateFEVER_test_top_250_only_w_correct-v2::85,0.8133333333333334,POST-HOC DIAGNOSTICS - NOT SELECTION CRITERIA
FIT,mteb/ClimateFEVER_test_top_250_only_w_correct-v2::851,-0.22500000000000003,POST-HOC DIAGNOSTICS - NOT SELECTION CRITERIA
FIT,mteb/ClimateFEVER_test_top_250_only_w_correct-v2::859,-0.745,POST-HOC DIAGNOSTICS - NOT SELECTION CRITERIA
FIT,mteb/ClimateFEVER_test_top_250_only_w_correct-v2::86,-0.21833333333333332,POST-HOC DIAGNOSTICS - NOT SELECTION CRITERIA
FIT,mteb/ClimateFEVER_test_top_250_only_w_correct-v2::864,-0.5433333333333333,POST-HOC DIAGNOSTICS - NOT SELECTION CRITERIA
FIT,mteb/ClimateFEVER_test_top_250_only_w_correct-v2::868,-0.10833333333333334,POST-HOC DIAGNOSTICS - NOT SELECTION CRITERIA
FIT,mteb/ClimateFEVER_test_top_250_only_w_correct-v2::888,-0.24666666666666665,POST-HOC DIAGNOSTICS - NOT SELECTION CRITERIA
FIT,mteb/ClimateFEVER_test_top_250_only_w_correct-v2::892,0.6116666666666666,POST-HOC DIAGNOSTICS - NOT SELECTION CRITERIA
FIT,mteb/ClimateFEVER_test_top_250_only_w_correct-v2::893,-0.535,POST-HOC DIAGNOSTICS - NOT SELECTION CRITERIA
FIT,mteb/ClimateFEVER_test_top_250_only_w_correct-v2::904,0.21166666666666667,POST-HOC DIAGNOSTICS - NOT SELECTION CRITERIA
FIT,mteb/ClimateFEVER_test_top_250_only_w_correct-v2::906,-0.30333333333333334,POST-HOC DIAGNOSTICS - NOT SELECTION CRITERIA
FIT,mteb/ClimateFEVER_test_top_250_only_w_correct-v2::917,0.16666666666666663,POST-HOC DIAGNOSTICS - NOT SELECTION CRITERIA
FIT,mteb/ClimateFEVER_test_top_250_only_w_correct-v2::920,0.10333333333333333,POST-HOC DIAGNOSTICS - NOT SELECTION CRITERIA
FIT,mteb/ClimateFEVER_test_top_250_only_w_correct-v2::925,-0.3983333333333334,POST-HOC DIAGNOSTICS - NOT SELECTION CRITERIA
FIT,mteb/ClimateFEVER_test_top_250_only_w_correct-v2::926,-0.4566666666666667,POST-HOC DIAGNOSTICS - NOT SELECTION CRITERIA
FIT,mteb/ClimateFEVER_test_top_250_only_w_correct-v2::93,-0.39999999999999997,POST-HOC DIAGNOSTICS - NOT SELECTION CRITERIA
FIT,mteb/ClimateFEVER_test_top_250_only_w_correct-v2::932,-0.33666666666666667,POST-HOC DIAGNOSTICS - NOT SELECTION CRITERIA
FIT,mteb/ClimateFEVER_test_top_250_only_w_correct-v2::938,0.14333333333333342,POST-HOC DIAGNOSTICS - NOT SELECTION CRITERIA
FIT,mteb/ClimateFEVER_test_top_250_only_w_correct-v2::939,-0.25,POST-HOC DIAGNOSTICS - NOT SELECTION CRITERIA
FIT,mteb/ClimateFEVER_test_top_250_only_w_correct-v2::945,-0.3516666666666667,POST-HOC DIAGNOSTICS - NOT SELECTION CRITERIA
FIT,mteb/ClimateFEVER_test_top_250_only_w_correct-v2::95,0.2866666666666667,POST-HOC DIAGNOSTICS - NOT SELECTION CRITERIA
FIT,mteb/ClimateFEVER_test_top_250_only_w_correct-v2::957,0.18166666666666664,POST-HOC DIAGNOSTICS - NOT SELECTION CRITERIA
FIT,mteb/ClimateFEVER_test_top_250_only_w_correct-v2::97,0.20500000000000002,POST-HOC DIAGNOSTICS - NOT SELECTION CRITERIA
FIT,mteb/ClimateFEVER_test_top_250_only_w_correct-v2::978,0.05833333333333335,POST-HOC DIAGNOSTICS - NOT SELECTION CRITERIA
FIT,mteb/ClimateFEVER_test_top_250_only_w_correct-v2::979,0.14,POST-HOC DIAGNOSTICS - NOT SELECTION CRITERIA
FIT,mteb/ClimateFEVER_test_top_250_only_w_correct-v2::98,0.3016666666666667,POST-HOC DIAGNOSTICS - NOT SELECTION CRITERIA
FIT,mteb/ClimateFEVER_test_top_250_only_w_correct-v2::982,-0.4750000000000001,POST-HOC DIAGNOSTICS - NOT SELECTION CRITERIA
FIT,mteb/ClimateFEVER_test_top_250_only_w_correct-v2::983,0.46666666666666673,POST-HOC DIAGNOSTICS - NOT SELECTION CRITERIA
FIT,mteb/ClimateFEVER_test_top_250_only_w_correct-v2::990,0.065,POST-HOC DIAGNOSTICS - NOT SELECTION CRITERIA
FIT,mteb/ClimateFEVER_test_top_250_only_w_correct-v2::997,-0.33333333333333337,POST-HOC DIAGNOSTICS - NOT SELECTION CRITERIA
VALIDATION,mteb/ClimateFEVER_test_top_250_only_w_correct-v2::1013,-0.12166666666666665,POST-HOC DIAGNOSTICS - NOT SELECTION CRITERIA
VALIDATION,mteb/ClimateFEVER_test_top_250_only_w_correct-v2::102,0.29666666666666663,POST-HOC DIAGNOSTICS - NOT SELECTION CRITERIA
VALIDATION,mteb/ClimateFEVER_test_top_250_only_w_correct-v2::1038,-0.4966666666666667,POST-HOC DIAGNOSTICS - NOT SELECTION CRITERIA
VALIDATION,mteb/ClimateFEVER_test_top_250_only_w_correct-v2::105,-0.40833333333333327,POST-HOC DIAGNOSTICS - NOT SELECTION CRITERIA
VALIDATION,mteb/ClimateFEVER_test_top_250_only_w_correct-v2::1057,0.49833333333333335,POST-HOC DIAGNOSTICS - NOT SELECTION CRITERIA
VALIDATION,mteb/ClimateFEVER_test_top_250_only_w_correct-v2::1061,-0.22833333333333336,POST-HOC DIAGNOSTICS - NOT SELECTION CRITERIA
VALIDATION,mteb/ClimateFEVER_test_top_250_only_w_correct-v2::1098,0.1233333333333334,POST-HOC DIAGNOSTICS - NOT SELECTION CRITERIA
VALIDATION,mteb/ClimateFEVER_test_top_250_only_w_correct-v2::1112,0.4016666666666667,POST-HOC DIAGNOSTICS - NOT SELECTION CRITERIA
VALIDATION,mteb/ClimateFEVER_test_top_250_only_w_correct-v2::1156,0.06,POST-HOC DIAGNOSTICS - NOT SELECTION CRITERIA
VALIDATION,mteb/ClimateFEVER_test_top_250_only_w_correct-v2::1171,-0.05999999999999994,POST-HOC DIAGNOSTICS - NOT SELECTION CRITERIA
VALIDATION,mteb/ClimateFEVER_test_top_250_only_w_correct-v2::1211,0.40166666666666667,POST-HOC DIAGNOSTICS - NOT SELECTION CRITERIA
VALIDATION,mteb/ClimateFEVER_test_top_250_only_w_correct-v2::1224,0.4083333333333333,POST-HOC DIAGNOSTICS - NOT SELECTION CRITERIA
VALIDATION,mteb/ClimateFEVER_test_top_250_only_w_correct-v2::1270,-0.09666666666666668,POST-HOC DIAGNOSTICS - NOT SELECTION CRITERIA
VALIDATION,mteb/ClimateFEVER_test_top_250_only_w_correct-v2::1279,-0.10833333333333339,POST-HOC DIAGNOSTICS - NOT SELECTION CRITERIA
VALIDATION,mteb/ClimateFEVER_test_top_250_only_w_correct-v2::1293,0.3416666666666667,POST-HOC DIAGNOSTICS - NOT SELECTION CRITERIA
VALIDATION,mteb/ClimateFEVER_test_top_250_only_w_correct-v2::1353,0.04500000000000004,POST-HOC DIAGNOSTICS - NOT SELECTION CRITERIA
VALIDATION,mteb/ClimateFEVER_test_top_250_only_w_correct-v2::1362,0.06500000000000006,POST-HOC DIAGNOSTICS - NOT SELECTION CRITERIA
VALIDATION,mteb/ClimateFEVER_test_top_250_only_w_correct-v2::1376,0.11833333333333333,POST-HOC DIAGNOSTICS - NOT SELECTION CRITERIA
VALIDATION,mteb/ClimateFEVER_test_top_250_only_w_correct-v2::1386,0.5933333333333334,POST-HOC DIAGNOSTICS - NOT SELECTION CRITERIA
VALIDATION,mteb/ClimateFEVER_test_top_250_only_w_correct-v2::1389,0.5783333333333334,POST-HOC DIAGNOSTICS - NOT SELECTION CRITERIA
VALIDATION,mteb/ClimateFEVER_test_top_250_only_w_correct-v2::1397,-0.9166666666666666,POST-HOC DIAGNOSTICS - NOT SELECTION CRITERIA
VALIDATION,mteb/ClimateFEVER_test_top_250_only_w_correct-v2::1414,-0.5599999999999999,POST-HOC DIAGNOSTICS - NOT SELECTION CRITERIA
VALIDATION,mteb/ClimateFEVER_test_top_250_only_w_correct-v2::1420,-0.24666666666666667,POST-HOC DIAGNOSTICS - NOT SELECTION CRITERIA
VALIDATION,mteb/ClimateFEVER_test_top_250_only_w_correct-v2::1425,-0.29333333333333333,POST-HOC DIAGNOSTICS - NOT SELECTION CRITERIA
VALIDATION,mteb/ClimateFEVER_test_top_250_only_w_correct-v2::1431,0.7083333333333334,POST-HOC DIAGNOSTICS - NOT SELECTION CRITERIA
VALIDATION,mteb/ClimateFEVER_test_top_250_only_w_correct-v2::1433,-0.23666666666666664,POST-HOC DIAGNOSTICS - NOT SELECTION CRITERIA
VALIDATION,mteb/ClimateFEVER_test_top_250_only_w_correct-v2::1463,-0.3883333333333333,POST-HOC DIAGNOSTICS - NOT SELECTION CRITERIA
VALIDATION,mteb/ClimateFEVER_test_top_250_only_w_correct-v2::1469,-0.28166666666666673,POST-HOC DIAGNOSTICS - NOT SELECTION CRITERIA
VALIDATION,mteb/ClimateFEVER_test_top_250_only_w_correct-v2::1495,0.3966666666666667,POST-HOC DIAGNOSTICS - NOT SELECTION CRITERIA
VALIDATION,mteb/ClimateFEVER_test_top_250_only_w_correct-v2::1498,-0.20499999999999996,POST-HOC DIAGNOSTICS - NOT SELECTION CRITERIA
VALIDATION,mteb/ClimateFEVER_test_top_250_only_w_correct-v2::1499,0.3516666666666666,POST-HOC DIAGNOSTICS - NOT SELECTION CRITERIA
VALIDATION,mteb/ClimateFEVER_test_top_250_only_w_correct-v2::1507,-0.48000000000000004,POST-HOC DIAGNOSTICS - NOT SELECTION CRITERIA
VALIDATION,mteb/ClimateFEVER_test_top_250_only_w_correct-v2::1547,0.28833333333333333,POST-HOC DIAGNOSTICS - NOT SELECTION CRITERIA
VALIDATION,mteb/ClimateFEVER_test_top_250_only_w_correct-v2::1558,-0.4099999999999999,POST-HOC DIAGNOSTICS - NOT SELECTION CRITERIA
VALIDATION,mteb/ClimateFEVER_test_top_250_only_w_correct-v2::1559,0.4216666666666667,POST-HOC DIAGNOSTICS - NOT SELECTION CRITERIA
VALIDATION,mteb/ClimateFEVER_test_top_250_only_w_correct-v2::1560,0.38,POST-HOC DIAGNOSTICS - NOT SELECTION CRITERIA
VALIDATION,mteb/ClimateFEVER_test_top_250_only_w_correct-v2::1577,0.6166666666666667,POST-HOC DIAGNOSTICS - NOT SELECTION CRITERIA
VALIDATION,mteb/ClimateFEVER_test_top_250_only_w_correct-v2::1578,-0.48500000000000004,POST-HOC DIAGNOSTICS - NOT SELECTION CRITERIA
VALIDATION,mteb/ClimateFEVER_test_top_250_only_w_correct-v2::1594,0.38166666666666665,POST-HOC DIAGNOSTICS - NOT SELECTION CRITERIA
VALIDATION,mteb/ClimateFEVER_test_top_250_only_w_correct-v2::1609,0.49,POST-HOC DIAGNOSTICS - NOT SELECTION CRITERIA
VALIDATION,mteb/ClimateFEVER_test_top_250_only_w_correct-v2::1627,0.6766666666666667,POST-HOC DIAGNOSTICS - NOT SELECTION CRITERIA
VALIDATION,mteb/ClimateFEVER_test_top_250_only_w_correct-v2::1645,0.08666666666666667,POST-HOC DIAGNOSTICS - NOT SELECTION CRITERIA
VALIDATION,mteb/ClimateFEVER_test_top_250_only_w_correct-v2::1649,-0.235,POST-HOC DIAGNOSTICS - NOT SELECTION CRITERIA
VALIDATION,mteb/ClimateFEVER_test_top_250_only_w_correct-v2::1667,0.42666666666666664,POST-HOC DIAGNOSTICS - NOT SELECTION CRITERIA
VALIDATION,mteb/ClimateFEVER_test_top_250_only_w_correct-v2::1674,-0.21499999999999997,POST-HOC DIAGNOSTICS - NOT SELECTION CRITERIA
VALIDATION,mteb/ClimateFEVER_test_top_250_only_w_correct-v2::1678,0.15333333333333338,POST-HOC DIAGNOSTICS - NOT SELECTION CRITERIA
VALIDATION,mteb/ClimateFEVER_test_top_250_only_w_correct-v2::1689,0.2883333333333334,POST-HOC DIAGNOSTICS - NOT SELECTION CRITERIA
VALIDATION,mteb/ClimateFEVER_test_top_250_only_w_correct-v2::1718,0.34833333333333333,POST-HOC DIAGNOSTICS - NOT SELECTION CRITERIA
VALIDATION,mteb/ClimateFEVER_test_top_250_only_w_correct-v2::1721,0.6716666666666667,POST-HOC DIAGNOSTICS - NOT SELECTION CRITERIA
VALIDATION,mteb/ClimateFEVER_test_top_250_only_w_correct-v2::1744,0.30666666666666675,POST-HOC DIAGNOSTICS - NOT SELECTION CRITERIA
VALIDATION,mteb/ClimateFEVER_test_top_250_only_w_correct-v2::1753,0.16999999999999998,POST-HOC DIAGNOSTICS - NOT SELECTION CRITERIA
VALIDATION,mteb/ClimateFEVER_test_top_250_only_w_correct-v2::181,-0.11166666666666664,POST-HOC DIAGNOSTICS - NOT SELECTION CRITERIA
VALIDATION,mteb/ClimateFEVER_test_top_250_only_w_correct-v2::1819,-0.1866666666666667,POST-HOC DIAGNOSTICS - NOT SELECTION CRITERIA
VALIDATION,mteb/ClimateFEVER_test_top_250_only_w_correct-v2::1834,0.021666666666666723,POST-HOC DIAGNOSTICS - NOT SELECTION CRITERIA
VALIDATION,mteb/ClimateFEVER_test_top_250_only_w_correct-v2::1859,0.3866666666666667,POST-HOC DIAGNOSTICS - NOT SELECTION CRITERIA
VALIDATION,mteb/ClimateFEVER_test_top_250_only_w_correct-v2::1862,-0.7566666666666666,POST-HOC DIAGNOSTICS - NOT SELECTION CRITERIA
VALIDATION,mteb/ClimateFEVER_test_top_250_only_w_correct-v2::1866,-0.020000000000000004,POST-HOC DIAGNOSTICS - NOT SELECTION CRITERIA
VALIDATION,mteb/ClimateFEVER_test_top_250_only_w_correct-v2::189,0.5716666666666667,POST-HOC DIAGNOSTICS - NOT SELECTION CRITERIA
VALIDATION,mteb/ClimateFEVER_test_top_250_only_w_correct-v2::1932,0.9116666666666666,POST-HOC DIAGNOSTICS - NOT SELECTION CRITERIA
VALIDATION,mteb/ClimateFEVER_test_top_250_only_w_correct-v2::1947,0.29,POST-HOC DIAGNOSTICS - NOT SELECTION CRITERIA
VALIDATION,mteb/ClimateFEVER_test_top_250_only_w_correct-v2::1962,0.07666666666666666,POST-HOC DIAGNOSTICS - NOT SELECTION CRITERIA
VALIDATION,mteb/ClimateFEVER_test_top_250_only_w_correct-v2::1963,0.14333333333333334,POST-HOC DIAGNOSTICS - NOT SELECTION CRITERIA
VALIDATION,mteb/ClimateFEVER_test_top_250_only_w_correct-v2::199,-0.14166666666666672,POST-HOC DIAGNOSTICS - NOT SELECTION CRITERIA
VALIDATION,mteb/ClimateFEVER_test_top_250_only_w_correct-v2::2037,0.11166666666666666,POST-HOC DIAGNOSTICS - NOT SELECTION CRITERIA
VALIDATION,mteb/ClimateFEVER_test_top_250_only_w_correct-v2::2052,0.1833333333333333,POST-HOC DIAGNOSTICS - NOT SELECTION CRITERIA
VALIDATION,mteb/ClimateFEVER_test_top_250_only_w_correct-v2::2057,0.47333333333333333,POST-HOC DIAGNOSTICS - NOT SELECTION CRITERIA
VALIDATION,mteb/ClimateFEVER_test_top_250_only_w_correct-v2::2060,-0.5483333333333333,POST-HOC DIAGNOSTICS - NOT SELECTION CRITERIA
VALIDATION,mteb/ClimateFEVER_test_top_250_only_w_correct-v2::2069,-0.145,POST-HOC DIAGNOSTICS - NOT SELECTION CRITERIA
VALIDATION,mteb/ClimateFEVER_test_top_250_only_w_correct-v2::2099,0.7116666666666667,POST-HOC DIAGNOSTICS - NOT SELECTION CRITERIA
VALIDATION,mteb/ClimateFEVER_test_top_250_only_w_correct-v2::2111,-0.1216666666666667,POST-HOC DIAGNOSTICS - NOT SELECTION CRITERIA
VALIDATION,mteb/ClimateFEVER_test_top_250_only_w_correct-v2::2113,0.6616666666666666,POST-HOC DIAGNOSTICS - NOT SELECTION CRITERIA
VALIDATION,mteb/ClimateFEVER_test_top_250_only_w_correct-v2::2118,0.9266666666666666,POST-HOC DIAGNOSTICS - NOT SELECTION CRITERIA
VALIDATION,mteb/ClimateFEVER_test_top_250_only_w_correct-v2::2127,0.2716666666666667,POST-HOC DIAGNOSTICS - NOT SELECTION CRITERIA
VALIDATION,mteb/ClimateFEVER_test_top_250_only_w_correct-v2::2134,-0.6916666666666667,POST-HOC DIAGNOSTICS - NOT SELECTION CRITERIA
VALIDATION,mteb/ClimateFEVER_test_top_250_only_w_correct-v2::2147,0.6166666666666667,POST-HOC DIAGNOSTICS - NOT SELECTION CRITERIA
VALIDATION,mteb/ClimateFEVER_test_top_250_only_w_correct-v2::2168,-0.36,POST-HOC DIAGNOSTICS - NOT SELECTION CRITERIA
VALIDATION,mteb/ClimateFEVER_test_top_250_only_w_correct-v2::2210,-0.016666666666666663,POST-HOC DIAGNOSTICS - NOT SELECTION CRITERIA
VALIDATION,mteb/ClimateFEVER_test_top_250_only_w_correct-v2::2215,-0.175,POST-HOC DIAGNOSTICS - NOT SELECTION CRITERIA
VALIDATION,mteb/ClimateFEVER_test_top_250_only_w_correct-v2::2255,-0.1733333333333333,POST-HOC DIAGNOSTICS - NOT SELECTION CRITERIA
VALIDATION,mteb/ClimateFEVER_test_top_250_only_w_correct-v2::2268,-0.16499999999999998,POST-HOC DIAGNOSTICS - NOT SELECTION CRITERIA
VALIDATION,mteb/ClimateFEVER_test_top_250_only_w_correct-v2::2277,-0.0016666666666666496,POST-HOC DIAGNOSTICS - NOT SELECTION CRITERIA
VALIDATION,mteb/ClimateFEVER_test_top_250_only_w_correct-v2::2313,-0.1416666666666666,POST-HOC DIAGNOSTICS - NOT SELECTION CRITERIA
VALIDATION,mteb/ClimateFEVER_test_top_250_only_w_correct-v2::2328,0.08499999999999999,POST-HOC DIAGNOSTICS - NOT SELECTION CRITERIA
VALIDATION,mteb/ClimateFEVER_test_top_250_only_w_correct-v2::2333,0.05666666666666664,POST-HOC DIAGNOSTICS - NOT SELECTION CRITERIA
VALIDATION,mteb/ClimateFEVER_test_top_250_only_w_correct-v2::2336,-0.19333333333333336,POST-HOC DIAGNOSTICS - NOT SELECTION CRITERIA
VALIDATION,mteb/ClimateFEVER_test_top_250_only_w_correct-v2::236,-0.5083333333333333,POST-HOC DIAGNOSTICS - NOT SELECTION CRITERIA
VALIDATION,mteb/ClimateFEVER_test_top_250_only_w_correct-v2::2361,0.47833333333333333,POST-HOC DIAGNOSTICS - NOT SELECTION CRITERIA
VALIDATION,mteb/ClimateFEVER_test_top_250_only_w_correct-v2::2366,-0.58,POST-HOC DIAGNOSTICS - NOT SELECTION CRITERIA
VALIDATION,mteb/ClimateFEVER_test_top_250_only_w_correct-v2::2395,-0.08166666666666678,POST-HOC DIAGNOSTICS - NOT SELECTION CRITERIA
VALIDATION,mteb/ClimateFEVER_test_top_250_only_w_correct-v2::2401,0.6933333333333334,POST-HOC DIAGNOSTICS - NOT SELECTION CRITERIA
VALIDATION,mteb/ClimateFEVER_test_top_250_only_w_correct-v2::2406,0.30000000000000004,POST-HOC DIAGNOSTICS - NOT SELECTION CRITERIA
VALIDATION,mteb/ClimateFEVER_test_top_250_only_w_correct-v2::243,0.555,POST-HOC DIAGNOSTICS - NOT SELECTION CRITERIA
VALIDATION,mteb/ClimateFEVER_test_top_250_only_w_correct-v2::2455,-0.14333333333333337,POST-HOC DIAGNOSTICS - NOT SELECTION CRITERIA
VALIDATION,mteb/ClimateFEVER_test_top_250_only_w_correct-v2::2460,-0.05166666666666675,POST-HOC DIAGNOSTICS - NOT SELECTION CRITERIA
VALIDATION,mteb/ClimateFEVER_test_top_250_only_w_correct-v2::2461,0.9416666666666667,POST-HOC DIAGNOSTICS - NOT SELECTION CRITERIA
VALIDATION,mteb/ClimateFEVER_test_top_250_only_w_correct-v2::2478,-0.3966666666666666,POST-HOC DIAGNOSTICS - NOT SELECTION CRITERIA
VALIDATION,mteb/ClimateFEVER_test_top_250_only_w_correct-v2::2494,0.6216666666666666,POST-HOC DIAGNOSTICS - NOT SELECTION CRITERIA
VALIDATION,mteb/ClimateFEVER_test_top_250_only_w_correct-v2::2501,0.31833333333333336,POST-HOC DIAGNOSTICS - NOT SELECTION CRITERIA
VALIDATION,mteb/ClimateFEVER_test_top_250_only_w_correct-v2::2520,-0.0716666666666666,POST-HOC DIAGNOSTICS - NOT SELECTION CRITERIA
VALIDATION,mteb/ClimateFEVER_test_top_250_only_w_correct-v2::2540,-0.16333333333333327,POST-HOC DIAGNOSTICS - NOT SELECTION CRITERIA
VALIDATION,mteb/ClimateFEVER_test_top_250_only_w_correct-v2::257,0.04500000000000004,POST-HOC DIAGNOSTICS - NOT SELECTION CRITERIA
VALIDATION,mteb/ClimateFEVER_test_top_250_only_w_correct-v2::2570,-0.22000000000000003,POST-HOC DIAGNOSTICS - NOT SELECTION CRITERIA
VALIDATION,mteb/ClimateFEVER_test_top_250_only_w_correct-v2::2599,0.5383333333333333,POST-HOC DIAGNOSTICS - NOT SELECTION CRITERIA
VALIDATION,mteb/ClimateFEVER_test_top_250_only_w_correct-v2::2606,0.30000000000000004,POST-HOC DIAGNOSTICS - NOT SELECTION CRITERIA
VALIDATION,mteb/ClimateFEVER_test_top_250_only_w_correct-v2::2612,0.245,POST-HOC DIAGNOSTICS - NOT SELECTION CRITERIA
VALIDATION,mteb/ClimateFEVER_test_top_250_only_w_correct-v2::2656,-0.4016666666666667,POST-HOC DIAGNOSTICS - NOT SELECTION CRITERIA
VALIDATION,mteb/ClimateFEVER_test_top_250_only_w_correct-v2::2682,-0.22166666666666668,POST-HOC DIAGNOSTICS - NOT SELECTION CRITERIA
VALIDATION,mteb/ClimateFEVER_test_top_250_only_w_correct-v2::2694,-0.13499999999999998,POST-HOC DIAGNOSTICS - NOT SELECTION CRITERIA
VALIDATION,mteb/ClimateFEVER_test_top_250_only_w_correct-v2::2711,-0.03833333333333333,POST-HOC DIAGNOSTICS - NOT SELECTION CRITERIA
VALIDATION,mteb/ClimateFEVER_test_top_250_only_w_correct-v2::2712,0.14,POST-HOC DIAGNOSTICS - NOT SELECTION CRITERIA
VALIDATION,mteb/ClimateFEVER_test_top_250_only_w_correct-v2::2726,0.44833333333333336,POST-HOC DIAGNOSTICS - NOT SELECTION CRITERIA
VALIDATION,mteb/ClimateFEVER_test_top_250_only_w_correct-v2::2729,-0.6666666666666666,POST-HOC DIAGNOSTICS - NOT SELECTION CRITERIA
VALIDATION,mteb/ClimateFEVER_test_top_250_only_w_correct-v2::2733,0.0033333333333334103,POST-HOC DIAGNOSTICS - NOT SELECTION CRITERIA
VALIDATION,mteb/ClimateFEVER_test_top_250_only_w_correct-v2::2744,-0.41833333333333333,POST-HOC DIAGNOSTICS - NOT SELECTION CRITERIA
VALIDATION,mteb/ClimateFEVER_test_top_250_only_w_correct-v2::2745,-0.14,POST-HOC DIAGNOSTICS - NOT SELECTION CRITERIA
VALIDATION,mteb/ClimateFEVER_test_top_250_only_w_correct-v2::2750,-0.5166666666666666,POST-HOC DIAGNOSTICS - NOT SELECTION CRITERIA
VALIDATION,mteb/ClimateFEVER_test_top_250_only_w_correct-v2::2765,-0.36,POST-HOC DIAGNOSTICS - NOT SELECTION CRITERIA
VALIDATION,mteb/ClimateFEVER_test_top_250_only_w_correct-v2::2774,0.265,POST-HOC DIAGNOSTICS - NOT SELECTION CRITERIA
VALIDATION,mteb/ClimateFEVER_test_top_250_only_w_correct-v2::2783,0.1366666666666666,POST-HOC DIAGNOSTICS - NOT SELECTION CRITERIA
VALIDATION,mteb/ClimateFEVER_test_top_250_only_w_correct-v2::2788,0.7583333333333333,POST-HOC DIAGNOSTICS - NOT SELECTION CRITERIA
VALIDATION,mteb/ClimateFEVER_test_top_250_only_w_correct-v2::2789,-0.3066666666666667,POST-HOC DIAGNOSTICS - NOT SELECTION CRITERIA
VALIDATION,mteb/ClimateFEVER_test_top_250_only_w_correct-v2::2796,0.09166666666666667,POST-HOC DIAGNOSTICS - NOT SELECTION CRITERIA
VALIDATION,mteb/ClimateFEVER_test_top_250_only_w_correct-v2::2826,0.47833333333333333,POST-HOC DIAGNOSTICS - NOT SELECTION CRITERIA
VALIDATION,mteb/ClimateFEVER_test_top_250_only_w_correct-v2::2835,-0.13499999999999998,POST-HOC DIAGNOSTICS - NOT SELECTION CRITERIA
VALIDATION,mteb/ClimateFEVER_test_top_250_only_w_correct-v2::2836,-0.1333333333333333,POST-HOC DIAGNOSTICS - NOT SELECTION CRITERIA
VALIDATION,mteb/ClimateFEVER_test_top_250_only_w_correct-v2::2841,0.5083333333333333,POST-HOC DIAGNOSTICS - NOT SELECTION CRITERIA
VALIDATION,mteb/ClimateFEVER_test_top_250_only_w_correct-v2::2857,0.675,POST-HOC DIAGNOSTICS - NOT SELECTION CRITERIA
VALIDATION,mteb/ClimateFEVER_test_top_250_only_w_correct-v2::2897,0.28,POST-HOC DIAGNOSTICS - NOT SELECTION CRITERIA
VALIDATION,mteb/ClimateFEVER_test_top_250_only_w_correct-v2::2918,0.08999999999999997,POST-HOC DIAGNOSTICS - NOT SELECTION CRITERIA
VALIDATION,mteb/ClimateFEVER_test_top_250_only_w_correct-v2::2921,-0.4433333333333333,POST-HOC DIAGNOSTICS - NOT SELECTION CRITERIA
VALIDATION,mteb/ClimateFEVER_test_top_250_only_w_correct-v2::2922,0.7916666666666667,POST-HOC DIAGNOSTICS - NOT SELECTION CRITERIA
VALIDATION,mteb/ClimateFEVER_test_top_250_only_w_correct-v2::2927,-0.06,POST-HOC DIAGNOSTICS - NOT SELECTION CRITERIA
VALIDATION,mteb/ClimateFEVER_test_top_250_only_w_correct-v2::293,-0.25833333333333336,POST-HOC DIAGNOSTICS - NOT SELECTION CRITERIA
VALIDATION,mteb/ClimateFEVER_test_top_250_only_w_correct-v2::2949,0.0033333333333334103,POST-HOC DIAGNOSTICS - NOT SELECTION CRITERIA
VALIDATION,mteb/ClimateFEVER_test_top_250_only_w_correct-v2::2951,-0.375,POST-HOC DIAGNOSTICS - NOT SELECTION CRITERIA
VALIDATION,mteb/ClimateFEVER_test_top_250_only_w_correct-v2::2953,0.16999999999999998,POST-HOC DIAGNOSTICS - NOT SELECTION CRITERIA
VALIDATION,mteb/ClimateFEVER_test_top_250_only_w_correct-v2::2963,0.5833333333333334,POST-HOC DIAGNOSTICS - NOT SELECTION CRITERIA
VALIDATION,mteb/ClimateFEVER_test_top_250_only_w_correct-v2::2989,0.5933333333333334,POST-HOC DIAGNOSTICS - NOT SELECTION CRITERIA
VALIDATION,mteb/ClimateFEVER_test_top_250_only_w_correct-v2::2994,-0.11166666666666664,POST-HOC DIAGNOSTICS - NOT SELECTION CRITERIA
VALIDATION,mteb/ClimateFEVER_test_top_250_only_w_correct-v2::2997,0.1583333333333333,POST-HOC DIAGNOSTICS - NOT SELECTION CRITERIA
VALIDATION,mteb/ClimateFEVER_test_top_250_only_w_correct-v2::3000,0.7766666666666667,POST-HOC DIAGNOSTICS - NOT SELECTION CRITERIA
VALIDATION,mteb/ClimateFEVER_test_top_250_only_w_correct-v2::3004,-0.48666666666666664,POST-HOC DIAGNOSTICS - NOT SELECTION CRITERIA
VALIDATION,mteb/ClimateFEVER_test_top_250_only_w_correct-v2::3017,-0.008333333333333415,POST-HOC DIAGNOSTICS - NOT SELECTION CRITERIA
VALIDATION,mteb/ClimateFEVER_test_top_250_only_w_correct-v2::3052,-0.275,POST-HOC DIAGNOSTICS - NOT SELECTION CRITERIA
VALIDATION,mteb/ClimateFEVER_test_top_250_only_w_correct-v2::3059,-0.12,POST-HOC DIAGNOSTICS - NOT SELECTION CRITERIA
VALIDATION,mteb/ClimateFEVER_test_top_250_only_w_correct-v2::307,0.3500000000000001,POST-HOC DIAGNOSTICS - NOT SELECTION CRITERIA
VALIDATION,mteb/ClimateFEVER_test_top_250_only_w_correct-v2::3093,-0.36333333333333334,POST-HOC DIAGNOSTICS - NOT SELECTION CRITERIA
VALIDATION,mteb/ClimateFEVER_test_top_250_only_w_correct-v2::310,0.15500000000000003,POST-HOC DIAGNOSTICS - NOT SELECTION CRITERIA
VALIDATION,mteb/ClimateFEVER_test_top_250_only_w_correct-v2::3130,-0.11333333333333329,POST-HOC DIAGNOSTICS - NOT SELECTION CRITERIA
VALIDATION,mteb/ClimateFEVER_test_top_250_only_w_correct-v2::340,-0.15333333333333332,POST-HOC DIAGNOSTICS - NOT SELECTION CRITERIA
VALIDATION,mteb/ClimateFEVER_test_top_250_only_w_correct-v2::357,-0.4216666666666667,POST-HOC DIAGNOSTICS - NOT SELECTION CRITERIA
VALIDATION,mteb/ClimateFEVER_test_top_250_only_w_correct-v2::390,0.2866666666666667,POST-HOC DIAGNOSTICS - NOT SELECTION CRITERIA
VALIDATION,mteb/ClimateFEVER_test_top_250_only_w_correct-v2::398,-0.5683333333333334,POST-HOC DIAGNOSTICS - NOT SELECTION CRITERIA
VALIDATION,mteb/ClimateFEVER_test_top_250_only_w_correct-v2::399,0.25,POST-HOC DIAGNOSTICS - NOT SELECTION CRITERIA
VALIDATION,mteb/ClimateFEVER_test_top_250_only_w_correct-v2::430,0.6783333333333333,POST-HOC DIAGNOSTICS - NOT SELECTION CRITERIA
VALIDATION,mteb/ClimateFEVER_test_top_250_only_w_correct-v2::441,0.33666666666666667,POST-HOC DIAGNOSTICS - NOT SELECTION CRITERIA
VALIDATION,mteb/ClimateFEVER_test_top_250_only_w_correct-v2::449,-0.28666666666666674,POST-HOC DIAGNOSTICS - NOT SELECTION CRITERIA
VALIDATION,mteb/ClimateFEVER_test_top_250_only_w_correct-v2::463,0.44166666666666665,POST-HOC DIAGNOSTICS - NOT SELECTION CRITERIA
VALIDATION,mteb/ClimateFEVER_test_top_250_only_w_correct-v2::469,-0.05833333333333335,POST-HOC DIAGNOSTICS - NOT SELECTION CRITERIA
VALIDATION,mteb/ClimateFEVER_test_top_250_only_w_correct-v2::484,-0.29166666666666674,POST-HOC DIAGNOSTICS - NOT SELECTION CRITERIA
VALIDATION,mteb/ClimateFEVER_test_top_250_only_w_correct-v2::493,0.3733333333333333,POST-HOC DIAGNOSTICS - NOT SELECTION CRITERIA
VALIDATION,mteb/ClimateFEVER_test_top_250_only_w_correct-v2::499,-0.3466666666666667,POST-HOC DIAGNOSTICS - NOT SELECTION CRITERIA
VALIDATION,mteb/ClimateFEVER_test_top_250_only_w_correct-v2::531,-0.4916666666666667,POST-HOC DIAGNOSTICS - NOT SELECTION CRITERIA
VALIDATION,mteb/ClimateFEVER_test_top_250_only_w_correct-v2::559,0.23166666666666663,POST-HOC DIAGNOSTICS - NOT SELECTION CRITERIA
VALIDATION,mteb/ClimateFEVER_test_top_250_only_w_correct-v2::577,-0.39833333333333343,POST-HOC DIAGNOSTICS - NOT SELECTION CRITERIA
VALIDATION,mteb/ClimateFEVER_test_top_250_only_w_correct-v2::578,0.36666666666666664,POST-HOC DIAGNOSTICS - NOT SELECTION CRITERIA
VALIDATION,mteb/ClimateFEVER_test_top_250_only_w_correct-v2::581,-0.13666666666666671,POST-HOC DIAGNOSTICS - NOT SELECTION CRITERIA
VALIDATION,mteb/ClimateFEVER_test_top_250_only_w_correct-v2::616,-0.2666666666666667,POST-HOC DIAGNOSTICS - NOT SELECTION CRITERIA
VALIDATION,mteb/ClimateFEVER_test_top_250_only_w_correct-v2::622,-0.2833333333333333,POST-HOC DIAGNOSTICS - NOT SELECTION CRITERIA
VALIDATION,mteb/ClimateFEVER_test_top_250_only_w_correct-v2::648,0.2583333333333333,POST-HOC DIAGNOSTICS - NOT SELECTION CRITERIA
VALIDATION,mteb/ClimateFEVER_test_top_250_only_w_correct-v2::663,-0.58,POST-HOC DIAGNOSTICS - NOT SELECTION CRITERIA
VALIDATION,mteb/ClimateFEVER_test_top_250_only_w_correct-v2::667,-0.19833333333333336,POST-HOC DIAGNOSTICS - NOT SELECTION CRITERIA
VALIDATION,mteb/ClimateFEVER_test_top_250_only_w_correct-v2::676,0.00833333333333336,POST-HOC DIAGNOSTICS - NOT SELECTION CRITERIA
VALIDATION,mteb/ClimateFEVER_test_top_250_only_w_correct-v2::677,-0.41666666666666674,POST-HOC DIAGNOSTICS - NOT SELECTION CRITERIA
VALIDATION,mteb/ClimateFEVER_test_top_250_only_w_correct-v2::703,-0.7016666666666667,POST-HOC DIAGNOSTICS - NOT SELECTION CRITERIA
VALIDATION,mteb/ClimateFEVER_test_top_250_only_w_correct-v2::710,-0.01666666666666672,POST-HOC DIAGNOSTICS - NOT SELECTION CRITERIA
VALIDATION,mteb/ClimateFEVER_test_top_250_only_w_correct-v2::721,-0.6116666666666667,POST-HOC DIAGNOSTICS - NOT SELECTION CRITERIA
VALIDATION,mteb/ClimateFEVER_test_top_250_only_w_correct-v2::752,-0.4033333333333333,POST-HOC DIAGNOSTICS - NOT SELECTION CRITERIA
VALIDATION,mteb/ClimateFEVER_test_top_250_only_w_correct-v2::76,0.3816666666666667,POST-HOC DIAGNOSTICS - NOT SELECTION CRITERIA
VALIDATION,mteb/ClimateFEVER_test_top_250_only_w_correct-v2::764,-0.6950000000000001,POST-HOC DIAGNOSTICS - NOT SELECTION CRITERIA
VALIDATION,mteb/ClimateFEVER_test_top_250_only_w_correct-v2::770,-0.09999999999999998,POST-HOC DIAGNOSTICS - NOT SELECTION CRITERIA
VALIDATION,mteb/ClimateFEVER_test_top_250_only_w_correct-v2::776,-0.835,POST-HOC DIAGNOSTICS - NOT SELECTION CRITERIA
VALIDATION,mteb/ClimateFEVER_test_top_250_only_w_correct-v2::784,-0.38,POST-HOC DIAGNOSTICS - NOT SELECTION CRITERIA
VALIDATION,mteb/ClimateFEVER_test_top_250_only_w_correct-v2::789,0.32499999999999996,POST-HOC DIAGNOSTICS - NOT SELECTION CRITERIA
VALIDATION,mteb/ClimateFEVER_test_top_250_only_w_correct-v2::799,-0.25,POST-HOC DIAGNOSTICS - NOT SELECTION CRITERIA
VALIDATION,mteb/ClimateFEVER_test_top_250_only_w_correct-v2::812,0.21500000000000002,POST-HOC DIAGNOSTICS - NOT SELECTION CRITERIA
VALIDATION,mteb/ClimateFEVER_test_top_250_only_w_correct-v2::820,0.7933333333333333,POST-HOC DIAGNOSTICS - NOT SELECTION CRITERIA
VALIDATION,mteb/ClimateFEVER_test_top_250_only_w_correct-v2::826,0.20500000000000002,POST-HOC DIAGNOSTICS - NOT SELECTION CRITERIA
VALIDATION,mteb/ClimateFEVER_test_top_250_only_w_correct-v2::830,0.405,POST-HOC DIAGNOSTICS - NOT SELECTION CRITERIA
VALIDATION,mteb/ClimateFEVER_test_top_250_only_w_correct-v2::863,0.07333333333333325,POST-HOC DIAGNOSTICS - NOT SELECTION CRITERIA
VALIDATION,mteb/ClimateFEVER_test_top_250_only_w_correct-v2::880,-0.6216666666666666,POST-HOC DIAGNOSTICS - NOT SELECTION CRITERIA
VALIDATION,mteb/ClimateFEVER_test_top_250_only_w_correct-v2::896,-0.27999999999999997,POST-HOC DIAGNOSTICS - NOT SELECTION CRITERIA
VALIDATION,mteb/ClimateFEVER_test_top_250_only_w_correct-v2::909,0.15333333333333332,POST-HOC DIAGNOSTICS - NOT SELECTION CRITERIA
VALIDATION,mteb/ClimateFEVER_test_top_250_only_w_correct-v2::91,-0.07166666666666666,POST-HOC DIAGNOSTICS - NOT SELECTION CRITERIA
VALIDATION,mteb/ClimateFEVER_test_top_250_only_w_correct-v2::914,-0.044999999999999984,POST-HOC DIAGNOSTICS - NOT SELECTION CRITERIA
VALIDATION,mteb/ClimateFEVER_test_top_250_only_w_correct-v2::942,0.2733333333333333,POST-HOC DIAGNOSTICS - NOT SELECTION CRITERIA
VALIDATION,mteb/ClimateFEVER_test_top_250_only_w_correct-v2::972,-0.5333333333333332,POST-HOC DIAGNOSTICS - NOT SELECTION CRITERIA
VALIDATION,mteb/ClimateFEVER_test_top_250_only_w_correct-v2::99,0.1366666666666666,POST-HOC DIAGNOSTICS - NOT SELECTION CRITERIA
VALIDATION,mteb/ClimateFEVER_test_top_250_only_w_correct-v2::993,-0.7233333333333333,POST-HOC DIAGNOSTICS - NOT SELECTION CRITERIA
VALIDATION,mteb/ClimateFEVER_test_top_250_only_w_correct-v2::995,0.29166666666666674,POST-HOC DIAGNOSTICS - NOT SELECTION CRITERIA
HOLDOUT,mteb/ClimateFEVER_test_top_250_only_w_correct-v2::1001,-0.065,POST-HOC DIAGNOSTICS - NOT SELECTION CRITERIA
HOLDOUT,mteb/ClimateFEVER_test_top_250_only_w_correct-v2::1020,0.15833333333333333,POST-HOC DIAGNOSTICS - NOT SELECTION CRITERIA
HOLDOUT,mteb/ClimateFEVER_test_top_250_only_w_correct-v2::1021,0.2583333333333333,POST-HOC DIAGNOSTICS - NOT SELECTION CRITERIA
HOLDOUT,mteb/ClimateFEVER_test_top_250_only_w_correct-v2::1022,-0.4033333333333333,POST-HOC DIAGNOSTICS - NOT SELECTION CRITERIA
HOLDOUT,mteb/ClimateFEVER_test_top_250_only_w_correct-v2::1050,0.11166666666666669,POST-HOC DIAGNOSTICS - NOT SELECTION CRITERIA
HOLDOUT,mteb/ClimateFEVER_test_top_250_only_w_correct-v2::1056,0.22166666666666668,POST-HOC DIAGNOSTICS - NOT SELECTION CRITERIA
HOLDOUT,mteb/ClimateFEVER_test_top_250_only_w_correct-v2::1069,0.16,POST-HOC DIAGNOSTICS - NOT SELECTION CRITERIA
HOLDOUT,mteb/ClimateFEVER_test_top_250_only_w_correct-v2::1075,-0.20833333333333331,POST-HOC DIAGNOSTICS - NOT SELECTION CRITERIA
HOLDOUT,mteb/ClimateFEVER_test_top_250_only_w_correct-v2::1082,0.415,POST-HOC DIAGNOSTICS - NOT SELECTION CRITERIA
HOLDOUT,mteb/ClimateFEVER_test_top_250_only_w_correct-v2::1087,-0.23000000000000004,POST-HOC DIAGNOSTICS - NOT SELECTION CRITERIA
HOLDOUT,mteb/ClimateFEVER_test_top_250_only_w_correct-v2::1089,0.9249999999999999,POST-HOC DIAGNOSTICS - NOT SELECTION CRITERIA
HOLDOUT,mteb/ClimateFEVER_test_top_250_only_w_correct-v2::1097,-0.30833333333333335,POST-HOC DIAGNOSTICS - NOT SELECTION CRITERIA
HOLDOUT,mteb/ClimateFEVER_test_top_250_only_w_correct-v2::1133,-0.7033333333333334,POST-HOC DIAGNOSTICS - NOT SELECTION CRITERIA
HOLDOUT,mteb/ClimateFEVER_test_top_250_only_w_correct-v2::1138,-0.20833333333333334,POST-HOC DIAGNOSTICS - NOT SELECTION CRITERIA
HOLDOUT,mteb/ClimateFEVER_test_top_250_only_w_correct-v2::1150,0.24,POST-HOC DIAGNOSTICS - NOT SELECTION CRITERIA
HOLDOUT,mteb/ClimateFEVER_test_top_250_only_w_correct-v2::1160,-0.28,POST-HOC DIAGNOSTICS - NOT SELECTION CRITERIA
HOLDOUT,mteb/ClimateFEVER_test_top_250_only_w_correct-v2::1163,0.20499999999999996,POST-HOC DIAGNOSTICS - NOT SELECTION CRITERIA
HOLDOUT,mteb/ClimateFEVER_test_top_250_only_w_correct-v2::1166,0.5483333333333333,POST-HOC DIAGNOSTICS - NOT SELECTION CRITERIA
HOLDOUT,mteb/ClimateFEVER_test_top_250_only_w_correct-v2::1169,0.20166666666666666,POST-HOC DIAGNOSTICS - NOT SELECTION CRITERIA
HOLDOUT,mteb/ClimateFEVER_test_top_250_only_w_correct-v2::1186,0.32500000000000007,POST-HOC DIAGNOSTICS - NOT SELECTION CRITERIA
HOLDOUT,mteb/ClimateFEVER_test_top_250_only_w_correct-v2::1223,-0.3716666666666666,POST-HOC DIAGNOSTICS - NOT SELECTION CRITERIA
HOLDOUT,mteb/ClimateFEVER_test_top_250_only_w_correct-v2::123,0.8716666666666666,POST-HOC DIAGNOSTICS - NOT SELECTION CRITERIA
HOLDOUT,mteb/ClimateFEVER_test_top_250_only_w_correct-v2::1251,-0.07000000000000006,POST-HOC DIAGNOSTICS - NOT SELECTION CRITERIA
HOLDOUT,mteb/ClimateFEVER_test_top_250_only_w_correct-v2::1253,-0.095,POST-HOC DIAGNOSTICS - NOT SELECTION CRITERIA
HOLDOUT,mteb/ClimateFEVER_test_top_250_only_w_correct-v2::127,0.665,POST-HOC DIAGNOSTICS - NOT SELECTION CRITERIA
HOLDOUT,mteb/ClimateFEVER_test_top_250_only_w_correct-v2::1271,0.4433333333333333,POST-HOC DIAGNOSTICS - NOT SELECTION CRITERIA
HOLDOUT,mteb/ClimateFEVER_test_top_250_only_w_correct-v2::1310,-0.725,POST-HOC DIAGNOSTICS - NOT SELECTION CRITERIA
HOLDOUT,mteb/ClimateFEVER_test_top_250_only_w_correct-v2::1313,0.47000000000000003,POST-HOC DIAGNOSTICS - NOT SELECTION CRITERIA
HOLDOUT,mteb/ClimateFEVER_test_top_250_only_w_correct-v2::1314,0.4866666666666667,POST-HOC DIAGNOSTICS - NOT SELECTION CRITERIA
HOLDOUT,mteb/ClimateFEVER_test_top_250_only_w_correct-v2::1322,0.5933333333333333,POST-HOC DIAGNOSTICS - NOT SELECTION CRITERIA
HOLDOUT,mteb/ClimateFEVER_test_top_250_only_w_correct-v2::1331,0.74,POST-HOC DIAGNOSTICS - NOT SELECTION CRITERIA
HOLDOUT,mteb/ClimateFEVER_test_top_250_only_w_correct-v2::1334,-0.42666666666666664,POST-HOC DIAGNOSTICS - NOT SELECTION CRITERIA
HOLDOUT,mteb/ClimateFEVER_test_top_250_only_w_correct-v2::1342,-0.08833333333333326,POST-HOC DIAGNOSTICS - NOT SELECTION CRITERIA
HOLDOUT,mteb/ClimateFEVER_test_top_250_only_w_correct-v2::137,-0.6216666666666667,POST-HOC DIAGNOSTICS - NOT SELECTION CRITERIA
HOLDOUT,mteb/ClimateFEVER_test_top_250_only_w_correct-v2::1375,0.10833333333333339,POST-HOC DIAGNOSTICS - NOT SELECTION CRITERIA
HOLDOUT,mteb/ClimateFEVER_test_top_250_only_w_correct-v2::1378,0.5083333333333333,POST-HOC DIAGNOSTICS - NOT SELECTION CRITERIA
HOLDOUT,mteb/ClimateFEVER_test_top_250_only_w_correct-v2::1395,0.19500000000000006,POST-HOC DIAGNOSTICS - NOT SELECTION CRITERIA
HOLDOUT,mteb/ClimateFEVER_test_top_250_only_w_correct-v2::143,-0.05833333333333335,POST-HOC DIAGNOSTICS - NOT SELECTION CRITERIA
HOLDOUT,mteb/ClimateFEVER_test_top_250_only_w_correct-v2::1454,0.8666666666666667,POST-HOC DIAGNOSTICS - NOT SELECTION CRITERIA
HOLDOUT,mteb/ClimateFEVER_test_top_250_only_w_correct-v2::1455,-0.33666666666666667,POST-HOC DIAGNOSTICS - NOT SELECTION CRITERIA
HOLDOUT,mteb/ClimateFEVER_test_top_250_only_w_correct-v2::1465,-0.6916666666666667,POST-HOC DIAGNOSTICS - NOT SELECTION CRITERIA
HOLDOUT,mteb/ClimateFEVER_test_top_250_only_w_correct-v2::1476,-0.6283333333333333,POST-HOC DIAGNOSTICS - NOT SELECTION CRITERIA
HOLDOUT,mteb/ClimateFEVER_test_top_250_only_w_correct-v2::1479,-0.1316666666666667,POST-HOC DIAGNOSTICS - NOT SELECTION CRITERIA
HOLDOUT,mteb/ClimateFEVER_test_top_250_only_w_correct-v2::1482,0.66,POST-HOC DIAGNOSTICS - NOT SELECTION CRITERIA
HOLDOUT,mteb/ClimateFEVER_test_top_250_only_w_correct-v2::1502,-0.008333333333333304,POST-HOC DIAGNOSTICS - NOT SELECTION CRITERIA
HOLDOUT,mteb/ClimateFEVER_test_top_250_only_w_correct-v2::1504,-0.7416666666666667,POST-HOC DIAGNOSTICS - NOT SELECTION CRITERIA
HOLDOUT,mteb/ClimateFEVER_test_top_250_only_w_correct-v2::1510,0.04999999999999999,POST-HOC DIAGNOSTICS - NOT SELECTION CRITERIA
HOLDOUT,mteb/ClimateFEVER_test_top_250_only_w_correct-v2::1515,0.4983333333333334,POST-HOC DIAGNOSTICS - NOT SELECTION CRITERIA
HOLDOUT,mteb/ClimateFEVER_test_top_250_only_w_correct-v2::1523,0.2416666666666667,POST-HOC DIAGNOSTICS - NOT SELECTION CRITERIA
HOLDOUT,mteb/ClimateFEVER_test_top_250_only_w_correct-v2::1546,0.7300000000000001,POST-HOC DIAGNOSTICS - NOT SELECTION CRITERIA
HOLDOUT,mteb/ClimateFEVER_test_top_250_only_w_correct-v2::1562,-0.06166666666666665,POST-HOC DIAGNOSTICS - NOT SELECTION CRITERIA
HOLDOUT,mteb/ClimateFEVER_test_top_250_only_w_correct-v2::1586,-0.018333333333333313,POST-HOC DIAGNOSTICS - NOT SELECTION CRITERIA
HOLDOUT,mteb/ClimateFEVER_test_top_250_only_w_correct-v2::1591,-0.30000000000000004,POST-HOC DIAGNOSTICS - NOT SELECTION CRITERIA
HOLDOUT,mteb/ClimateFEVER_test_top_250_only_w_correct-v2::1599,-0.295,POST-HOC DIAGNOSTICS - NOT SELECTION CRITERIA
HOLDOUT,mteb/ClimateFEVER_test_top_250_only_w_correct-v2::1605,0.013333333333333308,POST-HOC DIAGNOSTICS - NOT SELECTION CRITERIA
HOLDOUT,mteb/ClimateFEVER_test_top_250_only_w_correct-v2::1608,0.01666666666666672,POST-HOC DIAGNOSTICS - NOT SELECTION CRITERIA
HOLDOUT,mteb/ClimateFEVER_test_top_250_only_w_correct-v2::1623,0.18333333333333335,POST-HOC DIAGNOSTICS - NOT SELECTION CRITERIA
HOLDOUT,mteb/ClimateFEVER_test_top_250_only_w_correct-v2::1634,0.3716666666666667,POST-HOC DIAGNOSTICS - NOT SELECTION CRITERIA
HOLDOUT,mteb/ClimateFEVER_test_top_250_only_w_correct-v2::164,0.21166666666666667,POST-HOC DIAGNOSTICS - NOT SELECTION CRITERIA
HOLDOUT,mteb/ClimateFEVER_test_top_250_only_w_correct-v2::1644,0.30666666666666664,POST-HOC DIAGNOSTICS - NOT SELECTION CRITERIA
HOLDOUT,mteb/ClimateFEVER_test_top_250_only_w_correct-v2::1647,0.8983333333333333,POST-HOC DIAGNOSTICS - NOT SELECTION CRITERIA
HOLDOUT,mteb/ClimateFEVER_test_top_250_only_w_correct-v2::1655,0.59,POST-HOC DIAGNOSTICS - NOT SELECTION CRITERIA
HOLDOUT,mteb/ClimateFEVER_test_top_250_only_w_correct-v2::1663,0.7233333333333334,POST-HOC DIAGNOSTICS - NOT SELECTION CRITERIA
HOLDOUT,mteb/ClimateFEVER_test_top_250_only_w_correct-v2::1677,-0.45166666666666666,POST-HOC DIAGNOSTICS - NOT SELECTION CRITERIA
HOLDOUT,mteb/ClimateFEVER_test_top_250_only_w_correct-v2::1688,0.24,POST-HOC DIAGNOSTICS - NOT SELECTION CRITERIA
HOLDOUT,mteb/ClimateFEVER_test_top_250_only_w_correct-v2::169,-0.7233333333333334,POST-HOC DIAGNOSTICS - NOT SELECTION CRITERIA
HOLDOUT,mteb/ClimateFEVER_test_top_250_only_w_correct-v2::1691,0.28,POST-HOC DIAGNOSTICS - NOT SELECTION CRITERIA
HOLDOUT,mteb/ClimateFEVER_test_top_250_only_w_correct-v2::1714,-0.795,POST-HOC DIAGNOSTICS - NOT SELECTION CRITERIA
HOLDOUT,mteb/ClimateFEVER_test_top_250_only_w_correct-v2::1719,0.3516666666666667,POST-HOC DIAGNOSTICS - NOT SELECTION CRITERIA
HOLDOUT,mteb/ClimateFEVER_test_top_250_only_w_correct-v2::1722,-0.2649999999999999,POST-HOC DIAGNOSTICS - NOT SELECTION CRITERIA
HOLDOUT,mteb/ClimateFEVER_test_top_250_only_w_correct-v2::1743,-0.38166666666666665,POST-HOC DIAGNOSTICS - NOT SELECTION CRITERIA
HOLDOUT,mteb/ClimateFEVER_test_top_250_only_w_correct-v2::1774,-0.26166666666666666,POST-HOC DIAGNOSTICS - NOT SELECTION CRITERIA
HOLDOUT,mteb/ClimateFEVER_test_top_250_only_w_correct-v2::1776,-0.5233333333333333,POST-HOC DIAGNOSTICS - NOT SELECTION CRITERIA
HOLDOUT,mteb/ClimateFEVER_test_top_250_only_w_correct-v2::1813,-0.3766666666666667,POST-HOC DIAGNOSTICS - NOT SELECTION CRITERIA
HOLDOUT,mteb/ClimateFEVER_test_top_250_only_w_correct-v2::1845,0.03166666666666673,POST-HOC DIAGNOSTICS - NOT SELECTION CRITERIA
HOLDOUT,mteb/ClimateFEVER_test_top_250_only_w_correct-v2::1849,0.21500000000000002,POST-HOC DIAGNOSTICS - NOT SELECTION CRITERIA
HOLDOUT,mteb/ClimateFEVER_test_top_250_only_w_correct-v2::1867,-0.445,POST-HOC DIAGNOSTICS - NOT SELECTION CRITERIA
HOLDOUT,mteb/ClimateFEVER_test_top_250_only_w_correct-v2::1868,0.10166666666666668,POST-HOC DIAGNOSTICS - NOT SELECTION CRITERIA
HOLDOUT,mteb/ClimateFEVER_test_top_250_only_w_correct-v2::1871,-0.49,POST-HOC DIAGNOSTICS - NOT SELECTION CRITERIA
HOLDOUT,mteb/ClimateFEVER_test_top_250_only_w_correct-v2::1895,0.30833333333333335,POST-HOC DIAGNOSTICS - NOT SELECTION CRITERIA
HOLDOUT,mteb/ClimateFEVER_test_top_250_only_w_correct-v2::1931,-0.2816666666666666,POST-HOC DIAGNOSTICS - NOT SELECTION CRITERIA
HOLDOUT,mteb/ClimateFEVER_test_top_250_only_w_correct-v2::194,0.405,POST-HOC DIAGNOSTICS - NOT SELECTION CRITERIA
HOLDOUT,mteb/ClimateFEVER_test_top_250_only_w_correct-v2::1945,-0.5016666666666666,POST-HOC DIAGNOSTICS - NOT SELECTION CRITERIA
HOLDOUT,mteb/ClimateFEVER_test_top_250_only_w_correct-v2::1948,-0.5216666666666666,POST-HOC DIAGNOSTICS - NOT SELECTION CRITERIA
HOLDOUT,mteb/ClimateFEVER_test_top_250_only_w_correct-v2::196,0.45500000000000007,POST-HOC DIAGNOSTICS - NOT SELECTION CRITERIA
HOLDOUT,mteb/ClimateFEVER_test_top_250_only_w_correct-v2::1968,-0.33666666666666667,POST-HOC DIAGNOSTICS - NOT SELECTION CRITERIA
HOLDOUT,mteb/ClimateFEVER_test_top_250_only_w_correct-v2::1971,-0.9666666666666667,POST-HOC DIAGNOSTICS - NOT SELECTION CRITERIA
HOLDOUT,mteb/ClimateFEVER_test_top_250_only_w_correct-v2::1984,0.49833333333333335,POST-HOC DIAGNOSTICS - NOT SELECTION CRITERIA
HOLDOUT,mteb/ClimateFEVER_test_top_250_only_w_correct-v2::1988,0.11166666666666664,POST-HOC DIAGNOSTICS - NOT SELECTION CRITERIA
HOLDOUT,mteb/ClimateFEVER_test_top_250_only_w_correct-v2::1995,0.050000000000000044,POST-HOC DIAGNOSTICS - NOT SELECTION CRITERIA
HOLDOUT,mteb/ClimateFEVER_test_top_250_only_w_correct-v2::2013,0.5583333333333333,POST-HOC DIAGNOSTICS - NOT SELECTION CRITERIA
HOLDOUT,mteb/ClimateFEVER_test_top_250_only_w_correct-v2::2021,0.16333333333333333,POST-HOC DIAGNOSTICS - NOT SELECTION CRITERIA
HOLDOUT,mteb/ClimateFEVER_test_top_250_only_w_correct-v2::2028,0.3616666666666667,POST-HOC DIAGNOSTICS - NOT SELECTION CRITERIA
HOLDOUT,mteb/ClimateFEVER_test_top_250_only_w_correct-v2::2038,-0.23833333333333329,POST-HOC DIAGNOSTICS - NOT SELECTION CRITERIA
HOLDOUT,mteb/ClimateFEVER_test_top_250_only_w_correct-v2::204,0.45333333333333337,POST-HOC DIAGNOSTICS - NOT SELECTION CRITERIA
HOLDOUT,mteb/ClimateFEVER_test_top_250_only_w_correct-v2::2055,-0.5383333333333333,POST-HOC DIAGNOSTICS - NOT SELECTION CRITERIA
HOLDOUT,mteb/ClimateFEVER_test_top_250_only_w_correct-v2::207,0.08666666666666667,POST-HOC DIAGNOSTICS - NOT SELECTION CRITERIA
HOLDOUT,mteb/ClimateFEVER_test_top_250_only_w_correct-v2::2070,0.18999999999999995,POST-HOC DIAGNOSTICS - NOT SELECTION CRITERIA
HOLDOUT,mteb/ClimateFEVER_test_top_250_only_w_correct-v2::2090,-0.05499999999999999,POST-HOC DIAGNOSTICS - NOT SELECTION CRITERIA
HOLDOUT,mteb/ClimateFEVER_test_top_250_only_w_correct-v2::21,0.2583333333333333,POST-HOC DIAGNOSTICS - NOT SELECTION CRITERIA
HOLDOUT,mteb/ClimateFEVER_test_top_250_only_w_correct-v2::2104,-0.145,POST-HOC DIAGNOSTICS - NOT SELECTION CRITERIA
HOLDOUT,mteb/ClimateFEVER_test_top_250_only_w_correct-v2::2122,0.665,POST-HOC DIAGNOSTICS - NOT SELECTION CRITERIA
HOLDOUT,mteb/ClimateFEVER_test_top_250_only_w_correct-v2::216,0.05833333333333335,POST-HOC DIAGNOSTICS - NOT SELECTION CRITERIA
HOLDOUT,mteb/ClimateFEVER_test_top_250_only_w_correct-v2::2160,0.26166666666666666,POST-HOC DIAGNOSTICS - NOT SELECTION CRITERIA
HOLDOUT,mteb/ClimateFEVER_test_top_250_only_w_correct-v2::2189,-0.11499999999999999,POST-HOC DIAGNOSTICS - NOT SELECTION CRITERIA
HOLDOUT,mteb/ClimateFEVER_test_top_250_only_w_correct-v2::2241,0.47,POST-HOC DIAGNOSTICS - NOT SELECTION CRITERIA
HOLDOUT,mteb/ClimateFEVER_test_top_250_only_w_correct-v2::2250,-0.6849999999999999,POST-HOC DIAGNOSTICS - NOT SELECTION CRITERIA
HOLDOUT,mteb/ClimateFEVER_test_top_250_only_w_correct-v2::2262,0.2683333333333333,POST-HOC DIAGNOSTICS - NOT SELECTION CRITERIA
HOLDOUT,mteb/ClimateFEVER_test_top_250_only_w_correct-v2::2284,-0.15500000000000003,POST-HOC DIAGNOSTICS - NOT SELECTION CRITERIA
HOLDOUT,mteb/ClimateFEVER_test_top_250_only_w_correct-v2::2290,-0.14500000000000002,POST-HOC DIAGNOSTICS - NOT SELECTION CRITERIA
HOLDOUT,mteb/ClimateFEVER_test_top_250_only_w_correct-v2::2303,0.555,POST-HOC DIAGNOSTICS - NOT SELECTION CRITERIA
HOLDOUT,mteb/ClimateFEVER_test_top_250_only_w_correct-v2::2304,0.11499999999999999,POST-HOC DIAGNOSTICS - NOT SELECTION CRITERIA
HOLDOUT,mteb/ClimateFEVER_test_top_250_only_w_correct-v2::2319,-0.3483333333333333,POST-HOC DIAGNOSTICS - NOT SELECTION CRITERIA
HOLDOUT,mteb/ClimateFEVER_test_top_250_only_w_correct-v2::2323,0.6383333333333333,POST-HOC DIAGNOSTICS - NOT SELECTION CRITERIA
HOLDOUT,mteb/ClimateFEVER_test_top_250_only_w_correct-v2::2326,0.8166666666666667,POST-HOC DIAGNOSTICS - NOT SELECTION CRITERIA
HOLDOUT,mteb/ClimateFEVER_test_top_250_only_w_correct-v2::2360,0.3433333333333334,POST-HOC DIAGNOSTICS - NOT SELECTION CRITERIA
HOLDOUT,mteb/ClimateFEVER_test_top_250_only_w_correct-v2::2369,0.8066666666666666,POST-HOC DIAGNOSTICS - NOT SELECTION CRITERIA
HOLDOUT,mteb/ClimateFEVER_test_top_250_only_w_correct-v2::237,-0.35,POST-HOC DIAGNOSTICS - NOT SELECTION CRITERIA
HOLDOUT,mteb/ClimateFEVER_test_top_250_only_w_correct-v2::2381,0.2483333333333334,POST-HOC DIAGNOSTICS - NOT SELECTION CRITERIA
HOLDOUT,mteb/ClimateFEVER_test_top_250_only_w_correct-v2::240,-0.2816666666666666,POST-HOC DIAGNOSTICS - NOT SELECTION CRITERIA
HOLDOUT,mteb/ClimateFEVER_test_top_250_only_w_correct-v2::244,-0.4466666666666667,POST-HOC DIAGNOSTICS - NOT SELECTION CRITERIA
HOLDOUT,mteb/ClimateFEVER_test_top_250_only_w_correct-v2::2444,0.7066666666666667,POST-HOC DIAGNOSTICS - NOT SELECTION CRITERIA
HOLDOUT,mteb/ClimateFEVER_test_top_250_only_w_correct-v2::2449,0.31166666666666665,POST-HOC DIAGNOSTICS - NOT SELECTION CRITERIA
HOLDOUT,mteb/ClimateFEVER_test_top_250_only_w_correct-v2::2484,0.006666666666666682,POST-HOC DIAGNOSTICS - NOT SELECTION CRITERIA
HOLDOUT,mteb/ClimateFEVER_test_top_250_only_w_correct-v2::2497,-0.14666666666666667,POST-HOC DIAGNOSTICS - NOT SELECTION CRITERIA
HOLDOUT,mteb/ClimateFEVER_test_top_250_only_w_correct-v2::2508,-0.42333333333333334,POST-HOC DIAGNOSTICS - NOT SELECTION CRITERIA
HOLDOUT,mteb/ClimateFEVER_test_top_250_only_w_correct-v2::2510,-0.05666666666666664,POST-HOC DIAGNOSTICS - NOT SELECTION CRITERIA
HOLDOUT,mteb/ClimateFEVER_test_top_250_only_w_correct-v2::2511,-0.44833333333333336,POST-HOC DIAGNOSTICS - NOT SELECTION CRITERIA
HOLDOUT,mteb/ClimateFEVER_test_top_250_only_w_correct-v2::2536,-0.3733333333333333,POST-HOC DIAGNOSTICS - NOT SELECTION CRITERIA
HOLDOUT,mteb/ClimateFEVER_test_top_250_only_w_correct-v2::2556,-0.6583333333333333,POST-HOC DIAGNOSTICS - NOT SELECTION CRITERIA
HOLDOUT,mteb/ClimateFEVER_test_top_250_only_w_correct-v2::2580,0.6116666666666666,POST-HOC DIAGNOSTICS - NOT SELECTION CRITERIA
HOLDOUT,mteb/ClimateFEVER_test_top_250_only_w_correct-v2::2607,-0.6383333333333334,POST-HOC DIAGNOSTICS - NOT SELECTION CRITERIA
HOLDOUT,mteb/ClimateFEVER_test_top_250_only_w_correct-v2::2620,-0.06999999999999995,POST-HOC DIAGNOSTICS - NOT SELECTION CRITERIA
HOLDOUT,mteb/ClimateFEVER_test_top_250_only_w_correct-v2::2657,0.39666666666666667,POST-HOC DIAGNOSTICS - NOT SELECTION CRITERIA
HOLDOUT,mteb/ClimateFEVER_test_top_250_only_w_correct-v2::2678,0.2516666666666667,POST-HOC DIAGNOSTICS - NOT SELECTION CRITERIA
HOLDOUT,mteb/ClimateFEVER_test_top_250_only_w_correct-v2::2689,-0.31,POST-HOC DIAGNOSTICS - NOT SELECTION CRITERIA
HOLDOUT,mteb/ClimateFEVER_test_top_250_only_w_correct-v2::2710,0.009999999999999981,POST-HOC DIAGNOSTICS - NOT SELECTION CRITERIA
HOLDOUT,mteb/ClimateFEVER_test_top_250_only_w_correct-v2::2721,0.17666666666666664,POST-HOC DIAGNOSTICS - NOT SELECTION CRITERIA
HOLDOUT,mteb/ClimateFEVER_test_top_250_only_w_correct-v2::2766,0.033333333333333326,POST-HOC DIAGNOSTICS - NOT SELECTION CRITERIA
HOLDOUT,mteb/ClimateFEVER_test_top_250_only_w_correct-v2::2809,-0.645,POST-HOC DIAGNOSTICS - NOT SELECTION CRITERIA
HOLDOUT,mteb/ClimateFEVER_test_top_250_only_w_correct-v2::2813,0.2933333333333334,POST-HOC DIAGNOSTICS - NOT SELECTION CRITERIA
HOLDOUT,mteb/ClimateFEVER_test_top_250_only_w_correct-v2::2815,0.3566666666666666,POST-HOC DIAGNOSTICS - NOT SELECTION CRITERIA
HOLDOUT,mteb/ClimateFEVER_test_top_250_only_w_correct-v2::2822,0.5033333333333334,POST-HOC DIAGNOSTICS - NOT SELECTION CRITERIA
HOLDOUT,mteb/ClimateFEVER_test_top_250_only_w_correct-v2::2862,-0.5483333333333333,POST-HOC DIAGNOSTICS - NOT SELECTION CRITERIA
HOLDOUT,mteb/ClimateFEVER_test_top_250_only_w_correct-v2::2867,0.19166666666666665,POST-HOC DIAGNOSTICS - NOT SELECTION CRITERIA
HOLDOUT,mteb/ClimateFEVER_test_top_250_only_w_correct-v2::287,0.09666666666666668,POST-HOC DIAGNOSTICS - NOT SELECTION CRITERIA
HOLDOUT,mteb/ClimateFEVER_test_top_250_only_w_correct-v2::2871,0.17833333333333334,POST-HOC DIAGNOSTICS - NOT SELECTION CRITERIA
HOLDOUT,mteb/ClimateFEVER_test_top_250_only_w_correct-v2::2877,0.5116666666666666,POST-HOC DIAGNOSTICS - NOT SELECTION CRITERIA
HOLDOUT,mteb/ClimateFEVER_test_top_250_only_w_correct-v2::2880,-0.6016666666666666,POST-HOC DIAGNOSTICS - NOT SELECTION CRITERIA
HOLDOUT,mteb/ClimateFEVER_test_top_250_only_w_correct-v2::2907,0.3683333333333333,POST-HOC DIAGNOSTICS - NOT SELECTION CRITERIA
HOLDOUT,mteb/ClimateFEVER_test_top_250_only_w_correct-v2::2942,-0.5333333333333333,POST-HOC DIAGNOSTICS - NOT SELECTION CRITERIA
HOLDOUT,mteb/ClimateFEVER_test_top_250_only_w_correct-v2::2948,0.6883333333333334,POST-HOC DIAGNOSTICS - NOT SELECTION CRITERIA
HOLDOUT,mteb/ClimateFEVER_test_top_250_only_w_correct-v2::2973,0.4116666666666666,POST-HOC DIAGNOSTICS - NOT SELECTION CRITERIA
HOLDOUT,mteb/ClimateFEVER_test_top_250_only_w_correct-v2::298,-0.21666666666666667,POST-HOC DIAGNOSTICS - NOT SELECTION CRITERIA
HOLDOUT,mteb/ClimateFEVER_test_top_250_only_w_correct-v2::30,0.8333333333333334,POST-HOC DIAGNOSTICS - NOT SELECTION CRITERIA
HOLDOUT,mteb/ClimateFEVER_test_top_250_only_w_correct-v2::3008,-0.5616666666666666,POST-HOC DIAGNOSTICS - NOT SELECTION CRITERIA
HOLDOUT,mteb/ClimateFEVER_test_top_250_only_w_correct-v2::3044,0.5316666666666666,POST-HOC DIAGNOSTICS - NOT SELECTION CRITERIA
HOLDOUT,mteb/ClimateFEVER_test_top_250_only_w_correct-v2::3046,-0.1266666666666667,POST-HOC DIAGNOSTICS - NOT SELECTION CRITERIA
HOLDOUT,mteb/ClimateFEVER_test_top_250_only_w_correct-v2::3063,-0.32666666666666666,POST-HOC DIAGNOSTICS - NOT SELECTION CRITERIA
HOLDOUT,mteb/ClimateFEVER_test_top_250_only_w_correct-v2::3068,0.5166666666666666,POST-HOC DIAGNOSTICS - NOT SELECTION CRITERIA
HOLDOUT,mteb/ClimateFEVER_test_top_250_only_w_correct-v2::3082,0.245,POST-HOC DIAGNOSTICS - NOT SELECTION CRITERIA
HOLDOUT,mteb/ClimateFEVER_test_top_250_only_w_correct-v2::3102,-0.23999999999999994,POST-HOC DIAGNOSTICS - NOT SELECTION CRITERIA
HOLDOUT,mteb/ClimateFEVER_test_top_250_only_w_correct-v2::331,-0.09333333333333332,POST-HOC DIAGNOSTICS - NOT SELECTION CRITERIA
HOLDOUT,mteb/ClimateFEVER_test_top_250_only_w_correct-v2::351,-0.39666666666666667,POST-HOC DIAGNOSTICS - NOT SELECTION CRITERIA
HOLDOUT,mteb/ClimateFEVER_test_top_250_only_w_correct-v2::375,-0.021666666666666723,POST-HOC DIAGNOSTICS - NOT SELECTION CRITERIA
HOLDOUT,mteb/ClimateFEVER_test_top_250_only_w_correct-v2::378,-0.14,POST-HOC DIAGNOSTICS - NOT SELECTION CRITERIA
HOLDOUT,mteb/ClimateFEVER_test_top_250_only_w_correct-v2::381,-0.41833333333333333,POST-HOC DIAGNOSTICS - NOT SELECTION CRITERIA
HOLDOUT,mteb/ClimateFEVER_test_top_250_only_w_correct-v2::383,0.46833333333333327,POST-HOC DIAGNOSTICS - NOT SELECTION CRITERIA
HOLDOUT,mteb/ClimateFEVER_test_top_250_only_w_correct-v2::388,0.04499999999999993,POST-HOC DIAGNOSTICS - NOT SELECTION CRITERIA
HOLDOUT,mteb/ClimateFEVER_test_top_250_only_w_correct-v2::409,-0.5116666666666666,POST-HOC DIAGNOSTICS - NOT SELECTION CRITERIA
HOLDOUT,mteb/ClimateFEVER_test_top_250_only_w_correct-v2::41,-0.7216666666666667,POST-HOC DIAGNOSTICS - NOT SELECTION CRITERIA
HOLDOUT,mteb/ClimateFEVER_test_top_250_only_w_correct-v2::412,-0.23833333333333329,POST-HOC DIAGNOSTICS - NOT SELECTION CRITERIA
HOLDOUT,mteb/ClimateFEVER_test_top_250_only_w_correct-v2::454,-0.94,POST-HOC DIAGNOSTICS - NOT SELECTION CRITERIA
HOLDOUT,mteb/ClimateFEVER_test_top_250_only_w_correct-v2::494,0.20166666666666666,POST-HOC DIAGNOSTICS - NOT SELECTION CRITERIA
HOLDOUT,mteb/ClimateFEVER_test_top_250_only_w_correct-v2::502,-0.18833333333333335,POST-HOC DIAGNOSTICS - NOT SELECTION CRITERIA
HOLDOUT,mteb/ClimateFEVER_test_top_250_only_w_correct-v2::51,-0.10499999999999998,POST-HOC DIAGNOSTICS - NOT SELECTION CRITERIA
HOLDOUT,mteb/ClimateFEVER_test_top_250_only_w_correct-v2::519,0.33999999999999997,POST-HOC DIAGNOSTICS - NOT SELECTION CRITERIA
HOLDOUT,mteb/ClimateFEVER_test_top_250_only_w_correct-v2::556,-0.5383333333333333,POST-HOC DIAGNOSTICS - NOT SELECTION CRITERIA
HOLDOUT,mteb/ClimateFEVER_test_top_250_only_w_correct-v2::564,-0.2333333333333334,POST-HOC DIAGNOSTICS - NOT SELECTION CRITERIA
HOLDOUT,mteb/ClimateFEVER_test_top_250_only_w_correct-v2::576,-0.10500000000000001,POST-HOC DIAGNOSTICS - NOT SELECTION CRITERIA
HOLDOUT,mteb/ClimateFEVER_test_top_250_only_w_correct-v2::593,-0.3466666666666666,POST-HOC DIAGNOSTICS - NOT SELECTION CRITERIA
HOLDOUT,mteb/ClimateFEVER_test_top_250_only_w_correct-v2::598,-0.255,POST-HOC DIAGNOSTICS - NOT SELECTION CRITERIA
HOLDOUT,mteb/ClimateFEVER_test_top_250_only_w_correct-v2::60,0.17333333333333334,POST-HOC DIAGNOSTICS - NOT SELECTION CRITERIA
HOLDOUT,mteb/ClimateFEVER_test_top_250_only_w_correct-v2::619,0.9266666666666666,POST-HOC DIAGNOSTICS - NOT SELECTION CRITERIA
HOLDOUT,mteb/ClimateFEVER_test_top_250_only_w_correct-v2::637,0.11833333333333332,POST-HOC DIAGNOSTICS - NOT SELECTION CRITERIA
HOLDOUT,mteb/ClimateFEVER_test_top_250_only_w_correct-v2::661,0.865,POST-HOC DIAGNOSTICS - NOT SELECTION CRITERIA
HOLDOUT,mteb/ClimateFEVER_test_top_250_only_w_correct-v2::687,-0.17500000000000004,POST-HOC DIAGNOSTICS - NOT SELECTION CRITERIA
HOLDOUT,mteb/ClimateFEVER_test_top_250_only_w_correct-v2::75,-0.2816666666666667,POST-HOC DIAGNOSTICS - NOT SELECTION CRITERIA
HOLDOUT,mteb/ClimateFEVER_test_top_250_only_w_correct-v2::763,0.48166666666666663,POST-HOC DIAGNOSTICS - NOT SELECTION CRITERIA
HOLDOUT,mteb/ClimateFEVER_test_top_250_only_w_correct-v2::785,0.5183333333333333,POST-HOC DIAGNOSTICS - NOT SELECTION CRITERIA
HOLDOUT,mteb/ClimateFEVER_test_top_250_only_w_correct-v2::79,-0.33999999999999997,POST-HOC DIAGNOSTICS - NOT SELECTION CRITERIA
HOLDOUT,mteb/ClimateFEVER_test_top_250_only_w_correct-v2::803,-0.325,POST-HOC DIAGNOSTICS - NOT SELECTION CRITERIA
HOLDOUT,mteb/ClimateFEVER_test_top_250_only_w_correct-v2::817,-0.1416666666666667,POST-HOC DIAGNOSTICS - NOT SELECTION CRITERIA
HOLDOUT,mteb/ClimateFEVER_test_top_250_only_w_correct-v2::82,0.185,POST-HOC DIAGNOSTICS - NOT SELECTION CRITERIA
HOLDOUT,mteb/ClimateFEVER_test_top_250_only_w_correct-v2::822,0.053333333333333344,POST-HOC DIAGNOSTICS - NOT SELECTION CRITERIA
HOLDOUT,mteb/ClimateFEVER_test_top_250_only_w_correct-v2::828,-0.45499999999999996,POST-HOC DIAGNOSTICS - NOT SELECTION CRITERIA
HOLDOUT,mteb/ClimateFEVER_test_top_250_only_w_correct-v2::862,0.5933333333333334,POST-HOC DIAGNOSTICS - NOT SELECTION CRITERIA
HOLDOUT,mteb/ClimateFEVER_test_top_250_only_w_correct-v2::871,0.051666666666666666,POST-HOC DIAGNOSTICS - NOT SELECTION CRITERIA
HOLDOUT,mteb/ClimateFEVER_test_top_250_only_w_correct-v2::910,0.6183333333333333,POST-HOC DIAGNOSTICS - NOT SELECTION CRITERIA
HOLDOUT,mteb/ClimateFEVER_test_top_250_only_w_correct-v2::930,-0.20166666666666666,POST-HOC DIAGNOSTICS - NOT SELECTION CRITERIA
